감,감ː
값,갑
강,강
개,개ː
겉,걷
공,공ː
국,국
귀,귀
귤,귤
글,글
길,길
김,김ː
꽃,꼳
끝,끋
날,날
낮,낟
눈,눈
눈,눈ː
달,달
답,답
댁,댁
돈,돈ː
돌,돌ː
뒤,뒤ː
딸,딸
땅,땅
때,때
떡,떡
말,말ː
맛,맏
멋,먿
목,목
몸,몸
무,무ː
문,문
물,물
밑,믿
밖,박
반,반
발,발
밤,밤
밥,밥
방,방
배,배
벽,벽
봄,봄
비,비
빵,빵
산,산
살,살
상,상
섬,섬ː
성,성ː
속,속ː
손,손
시,시
쌀,쌀
앞,압
약,약
역,역
옆,엽
옷,옫
월,월
위,위
일,일
입,입
잔,잔
전,전
주,주
짐,짐
집,집
차,차
책,책
춤,춤
층,층
칼,칼
코,코
콩,콩
키,키
팔,팔
표,표
혀,혀
형,형
화,화ː
후,후ː
힘,힘
간,간
간,간ː
겁,겁
게,게ː
곡,곡
과,과
군,군ː
굴,굴ː
깨,깨
꿀,꿀
끼,끼
남,남
뇌,뇌
담,담
돌,돌
동,동
동,동ː
뜰,뜰
띠,띠
맘,맘ː
멍,멍
몫,목
못,몯
밤,밤ː
벌,벌
법,법
벼,벼
볼,볼
북,북
빗,빋
뺨,뺨
뼈,뼈
삶,삼ː
서,서
숨,숨ː
숲,숩
신,신
실,실ː
씨,씨
알,알
암,암ː
애,애ː
양,양
욕,욕
절,절
정,정
젖,젇
죄,죄ː
죽,죽
중,중ː
쪽,쪽
창,창
침,침
탑,탑
턱,턱
털,털
파,파
해,해ː
회,회ː
흙,흑
갑,갑
계,계:
공,공
관,관
군,군
궁,궁
균,균
기,기
깃,긷
낙,낙
넋,넉
논,논
당,당
대,대ː
덤,덤ː
도,도ː
둑,둑
등,등
란,란
면,면
면,면ː
무,무
밭,받
벗,벋ː
붓,붇
샘,샘ː
생,생
선,선ː
세,세ː
솔,솔ː
솥,솓
승,승
식,식
싹,싹
안,안ː
윤,윤ː
의,의ː
장,장ː
조,조
종,종
즙,즙
직,직
찜,찜
처,처
철,철
탈,탈ː
팥,팓
폐,폐ː
함,함ː
행,행
효,효ː
가게,가ː게
가격,가격
가구,가구
가방,가방
가수,가수
가슴,가슴
가요,가요
가위,가위
가을,가을
가족,가족
간장,간장
갈비,갈비
감사,감ː사
감자,감자
거리,거리
거리,거ː리
거실,거실
거울,거울
거절,거ː절
건강,건ː강
검사,검사
겨울,겨울
결정,결쩡
결혼,결혼
경기,경ː기
경찰,경ː찰
경치,경치
계단,계단
계산,계ː산
계절,계ː절
계획,계ː획
고개,고개
고기,고기
고모,고모
고향,고향
공부,공부
공짜,공짜
공책,공책
공항,공항
과거,과ː거
과일,과ː일
과자,과자
관광,관광
광주,광주
교사,교ː사
교수,교ː수
교실,교ː실
교육,교ː육
교통,교통
교환,교환
교회,교ː회
구경,구ː경
구두,구두
구월,구월
규칙,규칙
그때,그때
그릇,그륻
근처,근ː처
글자,글짜
기간,기간
기분,기분
기쁨,기쁨
기온,기온
기자,기자
기차,기차
기회,기회
긴장,긴장
김밥,김ː밥
김치,김치
나이,나이
나중,나ː중
나흘,나흘
날짜,날짜
남성,남성
남자,남자
남쪽,남쪽
남편,남편
내과,내ː꽈
냄비,냄비
농구,농구
느낌,느낌
다리,다리
단어,다너
단추,단추
단풍,단풍
달걀,달걀
대답,대ː답
대학,대ː학
대회,대ː회
도로,도ː로
도시,도시
도움,도움
도착,도ː착
독일,도길
동전,동전
동쪽,동쪽
된장,된ː장
두부,두부
뒤쪽,뒤ː쪽
딸기,딸ː기
마당,마당
마중,마중
만두,만두
만화,만ː화
매달,매ː달
매주,매ː주
먼저,먼저
며칠,며칠
명절,명절
모습,모습
모자,모자
목욕,모굑
문제,문ː제
문화,문화
물건,물건
미국,미국
바깥,바깓
바다,바다
바닥,바닥
바지,바지
반대,반ː대
반지,반지
반찬,반찬
방금,방금
방학,방ː학
방향,방향
배우,배우
배추,배ː추
봉투,봉투
부부,부부
부산,부산
부엌,부억
부인,부인
부장,부장
부탁,부ː탁
분식,분식
불편,불편
비누,비누
빵집,빵찝
사고,사ː고
사과,사과
사업,사ː업
사월,사ː월
사이,사이
사장,사장
사전,사전
사진,사진
사탕,사탕
사흘,사흘
산책,산ː책
삼촌,삼촌
상추,상추
상품,상품
새벽,새벽
새해,새해
서랍,서랍
서류,서류
서울,서울
서점,서점
서쪽,서쪽
선배,선배
선택,선ː택
설탕,설탕
성격,성ː껵
성적,성적
성함,성ː함
세계,세ː계
세배,세ː배
세상,세ː상
세탁,세ː탁
소개,소개
소금,소금
소설,소ː설
소식,소식
소주,소주
소포,소ː포
소풍,소풍
속옷,소ː곧
송편,송편
수건,수ː건
수고,수ː고
수술,수술
수업,수업
수영,수영
수저,수저
수첩,수첩
술집,술찝
슬픔,슬픔
시간,시간
시계,시계
시골,시골
시내,시ː내
시월,시월
시장,시ː장
시험,시험
식구,식꾸
신발,신발
신부,신부
신호,신ː호
아까,아까
아내,아내
아들,아들
아래,아래
아빠,아빠
아침,아침
안개,안ː개
안경,안ː경
안쪽,안쪽
애인,애ː인
야구,야ː구 
야채,야ː채
양복,양복
얘기,얘ː기
어깨,어깨
어제,어제
언어,어너
얼굴,얼굴
여성,여성
여자,여자
여행,여행
연결,연결
연극,연ː극
연필,연필
연휴,연휴
열차,열차
열흘,열흘
영국,영국
영어,영어
영하,영하
영화,영화
예매,예ː매
예술,예ː술
예습,예ː습
예약,예ː약
오빠,오빠
오월,오ː월
오이,오이
오전,오ː전
온도,온도
올해,올해
외국,외ː국
왼쪽,왼ː쪽
요금,요ː금
요리,요리
요일,요일
요즘,요즘
우산,우ː산
우유,우유
우표,우표
운동,운ː동
운전,운ː전
웃음,우슴
월급,월급
위쪽,위쪽
위치,위치
위험,위험
유월,유월
유학,유학
유행,유행
음식,음ː식
음악,으막
의미,의ː미
의자,의자
이때,이때
이마,이마
이모,이모
이번,이번
이불,이불
이용,이ː용
이월,이ː월
이전,이ː전
이제,이제
이틀,이틀
이후,이ː후
일본,일본
입원,이붠
입학,이팍
자식,자식
자신,자신
자연,자연
잔치,잔치
잠깐,잠깐
잠시,잠ː시
장갑,장ː갑
장소,장소
재료,재료
재미,재미
저녁,저녁
저번,저ː번
전공,전공
전철,전ː철
전화,전ː화
점수,점쑤
점심,점ː심
조심,조ː심
조카,조카
졸업,조럽
종이,종이
주변,주변
주부,주부
주사,주ː사
주소,주ː소
주위,주위
주인,주인
주일,주일
주차,주ː차
중간,중간
중국,중국
중심,중심
지각,지각
지갑,지갑
지금,지금
지도,지도
지방,지방
지하,지하
직업,지겁
직원,지권
짜증,짜증
찌개,찌개
참외,차뫼
채소,채ː소
처음,처음
청소,청소
초대,초대
최근,최ː근
추석,추석
축하,추카
출구,출구
출근,출근
출발,출발
출입,추립
출장,출짱
취미,취ː미
취소,취ː소
취직,취ː직
치과,치꽈
치료,치료
치마,치마
치약,치약
친구,친구
친절,친절
친척,친척
칠판,칠판
침대,침ː대
침실,침ː실
칫솔,치쏠
칭찬,칭찬
태국,태국
태풍,태풍
퇴근,퇴ː근
퇴원,퇴ː원
튀김,튀김
편지,편ː지
포도,포도
포장,포장
풍경,풍경
피곤,피곤
필통,필통
하루,하루
학원,하권
한국,한ː국
한글,한ː글
한복,한ː복
한옥,하ː녹
한잔,한잔
항공,항ː공
해외,해ː외
행복,행ː복
허리,허리
현재,현ː재
형제,형제
홍차,홍차
화가,화ː가
환자,환ː자
회사,회ː사
후배,후ː배
휴가,휴가
휴일,휴일
휴지,휴지
가루,가루
가사,가사
가입,가입
가죽,가죽
가지,가지
가치,가치
간호,간호
갈등,갈뜽
갈증,갈쯩
감각,감ː각
감독,감독
감동,감ː동
감상,감상
감소,감ː소
감정,감ː정
강의,강ː의
개발,개발
개방,개방
개성,개ː성
개인,개ː인
개최,개최
거품,거품
건조,건조
건축,건ː축
검사,검ː사
검색,검ː색
겉옷,거돋
게시,게ː시
견학,견ː학
견해,견ː해
결근,결근
결제,결쩨
겸손,겸손
경기,경기
경비,경비
계곡,계곡
계약,계ː약
계좌,계ː좌
고객,고객
고국,고ː국
고궁,고ː궁
고급,고급
고독,고독
고백,고ː백
고생,고생
고속,고속
고유,고유
고장,고장
고전,고ː전
고집,고집
고추,고추
고층,고층
고통,고통
곡식,곡씩
공간,공간
공감,공ː감
공개,공개
공격,공ː격
공공,공공
공기,공기
공적,공쩍
공주,공주
공포,공ː포
공해,공해
과로,과ː로
과목,과목
과속,과ː속
과식,과ː식
과외,과외
과장,과장
과제,과제
과학,과학
관객,관객
교내,교ː내
교대,교대
교류,교류
교복,교ː복
교양,교ː양
교외,교외
교장,교ː장
교재,교ː재
교체,교체
교포,교포
교훈,교ː훈
구매,구매
구석,구석
구역,구역
구입,구입
구조,구ː조
국어,구거
국외,구괴
국회,구쾨
군대,군대
귀국,귀ː국
규정,규정
근교,근ː교
근육,그뉵
금액,그맥
기계,기계
기관,기관
기구,기구
기도,기도
기록,기록
기사,기사
기술,기술
기업,기업
기초,기초
기혼,기혼
기후,기후
긴팔,긴ː팔
길가,길까
꾸중,꾸중
낙엽,나겹
난방,난방
남부,남부
남북,남북
낭비,낭ː비
내부,내ː부
냉동,냉ː동
냉방,냉ː방
노선,노ː선
녹음,노금
녹화,노콰
논쟁,논쟁
농부,농부
눈가,눈까
눈길,눈낄
눈병,눈뼝
눈빛,눈삗
눈치,눈치
다정,다정
다짐,다짐
다행,다행
단골,단골
단지,단지
단체,단체
달빛,달삗
담당,담당
당근,당근
당황,당황
대가,대ː까
대기,대ː기
대낮,대ː낟
대로,대ː로
대리,대ː리
대변,대ː변
대사,대ː사
대사,대사
대접,대ː접
대중,대ː중
대책,대ː책
대출,대ː출
대형,대ː형
더위,더위
도구,도ː구
도둑,도둑
도마,도마
도서,도서
도심,도심
도장,도장
도전,도전
독감,독깜
독자,독짜
동기,동기
동기,동ː기
동부,동부
동요,동ː요
동창,동창
동포,동포
동화,동ː화
뒤편,뒤ː편
뒷산,뒤ː싼
등기,등기
등장,등장
땅콩,땅콩
뚜껑,뚜껑
만점,만쩜
만족,만족
말기,말기
말투,말ː투
매장,매ː장
매점,매ː점
매진,매ː진
매체,매체
맨발,맨발
먼지,먼지
면도,면ː도
면적,면ː적
면접,면ː접
면허,면ː허
멸치,멸치
명함,명함
모자,모ː자
모집,모집
모험,모ː험
몸살,몸살
몸속,몸쏙
묘사,묘ː사
무대,무ː대
무역,무ː역
문법,문뻡
문병,문ː병
문서,문서
문자,문짜
문장,문장
문학,문학
물가,물까
물감,물깜
물기,물끼
미소,미소
미술,미ː술
미혼,미ː혼
믿음,미듬
바둑,바둑
바위,바위
바퀴,바퀴
반값,반ː갑
반달,반ː달
반복,반ː복
반장,반장
반죽,반죽
반팔,반ː팔
반품,반ː품
발급,발급
발등,발뜽
발톱,발톱
발표,발표
발행,발행
밤색,밤ː색
배구,배구
배꼽,배꼽
배송,배ː송
배웅,배웅
배편,배편
뱃속,배쏙
버섯,버섣
번개,번개
번역,버녁
범위,버ː뮈
법원,버붠
법적,법쩍
베개,베개
변비,변비
보고,보ː고
보기,보기
보도,보ː도
보리,보리
보석,보ː석
보수,보ː수
보안,보ː안
보전,보ː전
보존,보ː존
보험,보ː험
복용,보굥
볶음,보끔
본부,본부
봉지,봉지
부근,부ː근
부담,부ː담
부상,부ː상
부서,부서
부위,부위
부자,부자
부정,부정
부처,부처
부품,부품
분단,분단
분포,분포
분필,분필
불교,불교
불쾌,불쾌
불평,불평
비결,비ː결
비법,비ː뻡
비용,비ː용
비유,비ː유
비판,비ː판
비행,비행
빨강,빨강
사건,사ː껀
사과,사ː과
사기,사기
사내,사내
사립,사립
사막,사막
사무,사ː무
사방,사ː방
사적,사쩍
사표,사표
삭제,삭쩨
산길,산낄
산불,산뿔
산업,사ː넙
상가,상가
상담,상담
상대,상대
상업,상업
상점,상점
상태,상태
새우,새우
새집,새집
생기,생기
서부,서부
선약,서냑
선호,선ː호
설득,설뜩
설치,설치
성과,성꽈
성당,성ː당
성별,성ː별
세대,세ː대
세로,세ː로
세제,세ː제
소감,소ː감
소녀,소ː녀
소독,소독
소득,소ː득
소매,소매
소변,소ː변
소비,소비
소형,소ː형
소화,소화
손끝,손끋
손등,손뜽
손발,손발
손자,손자
손질,손질
손톱,손톱
손해,손ː해
솜씨,솜씨
송이,송이
수다,수ː다
수도,수도
수리,수리
수선,수선
수속,수속
수입,수입
수집,수집
수출,수출
수표,수표
수학,수ː학
수행,수행
순간,순간
순위,수ː뉘
순진,순진
술잔,술짠
승객,승객
승진,승진
승차,승차
승패,승패
시각,시각
시댁,시댁
시력,시ː력
시선,시선
시설,시ː설
시외,시ː외
시중,시ː중
시집,시집
시청,시ː청
시합,시합
시행,시ː행
식욕,시굑
식후,시쿠
신경,신경
신고,신고
신분,신분
신입,시닙
신중,신ː중
신체,신체
신혼,신혼
신화,신화
실감,실감
실업,시럽
실장,실짱
실종,실쫑
실험,실험
싫증,실쯩
심사,심사
심장,심장
심정,심정
싸움,싸움
싼값,싼갑
쓰기,쓰기
아가,아가
아동,아동
아픔,아픔
악화,아콰
안과,안ː꽈
안방,안빵
안부,안부
안약,아ː냑
안주,안주
암기,암ː기
애정,애ː정
야경,야ː경
야근,야ː근
야단,야ː단
야외,야ː외
약혼,야콘
얌전,얌전
양국,양ː국
양보,양ː보
양파,양파
어둠,어둠
어휘,어ː휘
억양,어걍
언급,언급
언덕,언덕
엄격,엄껵
여가,여가
여고,여고
여관,여관
여유,여유
여인,여인
역할,여칼
연간,연간
연고,연ː고
연구,연ː구
연기,연기
연기,연ː기
연봉,연봉
연애,여ː내
연주,연ː주
연체,연체
연출,연ː출
연탄,연ː탄
열정,열쩡
염색,염ː색
영업,영업
예보,예ː보
예선,예ː선
예의,예의
예절,예절
오리,오ː리
오해,오ː해
왕복,왕ː복
외과,외ː꽈
외교,외ː교
외모,외ː모
외식,외ː식
왼발,왼ː발
왼편,왼ː편
요청,요청
용건,용ː껀
용기,용ː기
용어,용ː어
우승,우승
우울,우울
우정,우ː정
우측,우ː측
우편,우편
운반,운ː반
운행,운ː행
위로,위로
위반,위반
위층,위층
유교,유교
유료,유ː료
유적,유적
유통,유통
육지,육찌
은혜,은혜
음반,음반
음주,음ː주
의견,의ː견
의류,의류
의복,의복
의상,의상
의식,의ː식
의식,의식
의심,의심
의욕,의ː욕
이동,이동
이발,이ː발
이별,이ː별
이성,이ː성
이혼,이ː혼
인격,인껵
인도,인도
인정,인정
인체,인체
일대,일때
일등,일뜽
일어,이러
일정,일쩡
일출,일출
일행,일행
읽기,일끼
임시,임시
임신,임ː신
자격,자격
자극,자ː극
자녀,자녀
자막,자막
자매,자매
자본,자본
자살,자살
자원,자원
작업,자겁
잔돈,잔돈
잠옷,자몯
장가,장ː가
장관,장ː관
장점,장쩜
재주,재주
재학,재ː학
저급,저ː급
저울,저울
저장,저ː장
적응,저긍
전국,전국
전통,전통
정답,정ː답
정부,정부
정장,정ː장
정책,정책
제거,제거
제도,제ː도
제사,제ː사
제자,제ː자
제출,제출
제품,제ː품
조리,조리
조상,조상
조언,조ː언
조작,조ː작
존경,존경
존중,존중
종교,종교
좌석,좌ː석
좌우,좌ː우
좌측,좌ː측
주먹,주먹
주방,주방
주택,주ː택
죽음,주금
중고,중고
중급,중급
중단,중단
중독,중독
중부,중부
증거,증거
지불,지불
지붕,지붕
지역,지역
지옥,지옥
지원,지원
지위,지위
지진,지진
지폐,지폐
지혜,지혜
진단,진ː단
진찰,진ː찰
진학,진ː학
진행,진ː행
질병,질병
질투,질투
집안,지반
차도,차도
차로,차로
차비,차비
차선,차선
참가,참가
참석,참석
참여,차며
창가,창까
창고,창고
창구,창구
창밖,창박
창작,창ː작
창조,창ː조
창피,창피
책임,채김
처방,처ː방
천국,천국
천둥,천둥
천장,천장
철도,철또
청혼,청혼
체력,체력
체온,체온
체중,체중
초급,초급
초기,초기
초록,초록
초봄,초봄
초조,초조
초청,초청
추위,추위
추천,추천
출국,출국
출판,출판
충격,충격
충고,충고
충돌,충돌
취업,취ː업
취재,취ː재
친딸,친딸
친정,친정
코피,코피
큰길,큰길
큰딸,큰딸
큰집,큰집
타인,타인
탈출,탈출
탑승,탑씅
태양,태양
통역,통역
통증,통ː쯩
통행,통행
퇴직,퇴ː직
파괴,파ː괴
파도,파도
편견,편견
평균,평균
폭우,포구
표정,표정
품질,품ː질
피로,피로
피부,피부
피서,피ː서
피해,피ː해
필기,필기
핑계,핑계
하숙,하ː숙
하양,하양
하차,하ː차
하품,하품
한자,한ː짜
한쪽,한쪽
할부,할부
항의,항ː의
해결,해ː결
해변,해ː변
해석,해ː석
해소,해ː소
해안,해ː안
햇볕,해뼏
햇살,해쌀
행정,행정
현관,현관
현장,현ː장
호감,호ː감
호두,호두
호박,호ː박
호실,호ː실
호흡,호흡
홍보,홍보
화분,화분
화장,화장
화재,화ː재
화해,화해
환경,환경
환불,환불
활기,활기
회복,회복
회비,회ː비
회식,회ː식
효도,효ː도
효자,효ː자
후식,후ː식
후추,후추
후회,후ː회
휴식,휴식
휴학,휴학
흥분,흥분
가계,가계
가곡,가곡
가공,가공
가담,가담
가동,가동
가상,가ː상
가설,가ː설
가시,가시
가열,가열
가옥,가옥
가책,가ː책
가출,가출
가훈,가훈
간부,간부
간접,간ː접
간첩,간ː첩
갈대,갈때
감격,감ː격
감금,감금
감사,감사
감상,감ː상
감성,감ː성
감촉,감ː촉
감축,감ː축
감탄,감ː탄
감회,감ː회
강간,강ː간
강국,강국
강당,강ː당
강압,강ː압
강점,강쩜
강좌,강ː좌
강풍,강풍
강행,강ː행
강화,강화
개강,개강
개관,개관
개막,개막
개봉,개봉
개설,개설
개업,개업
개요,개ː요
개입,개ː입
개작,개ː작
개정,개ː정
개조,개ː조
개척,개척
개편,개ː편
개표,개표
거금,거ː금
거동,거ː동
거부,거ː부
거액,거ː액
거주,거주
거처,거처
건국,건ː국
건기,건기
건의,거ː늬 
건전,건ː전
걸작,걸짝
검거,검ː거
검소,검ː소
검증,검ː증
검진,검ː진
검찰,검ː찰
게재,게ː재
격언,겨건
견과,견과
견본,견ː본
결별,결별
결의,겨릐
결재,결째
결핍,결핍
결함,결함
겸허,겸허
경관,경관
경보,경ː보
경비,경ː비
경악,경악
경위,경위
경유,경유
경전,경전
경주,경ː주
경직,경직
경청,경청
경품,경ː품
경호,경ː호
계급,계급
계승,계ː승
계열,계ː열
고가,고까
고갈,고갈
고도,고도
고려,고려
고립,고립
고발,고ː발
고비,고비
고소,고ː소
고아,고아
고온,고온
고용,고용
고원,고원
고위,고위
고인,고ː인
고찰,고찰
고체,고체
곤경,곤ː경
곤궁,곤ː궁
곤충,곤충
골치,골치
공경,공경
공고,공고
공군,공군
공약,공약
공예,공예
공유,공ː유
공익,공익
공적,공적
공정,공정
공존,공ː존
공중,공중
공직,공직
공터,공터
공포,공포
공학,공학
과녁,과ː녁
과다,과ː다
과부,과ː부
과열,과ː열
과음,과ː음
관절,관절
관중,관중
관직,관직
관청,관청
관측,관측
관행,관행
광복,광복
광부,광ː부
광업,광ː업
광장,광ː장
교감,교감
교과,교ː과
교섭,교섭
교원,교ː원
교정,교ː정
교제,교제
교직,교ː직
구걸,구걸
구기,구기
구독,구독
구박,구박
구비,구비
구사,구사
구상,구상
구슬,구슬
구애,구애
구어,구ː어
구원,구ː원
구인,구인
구절,구절
구제,구ː제
구직,구직
구청,구청
구출,구ː출
구토,구토
구형,구형
구호,구ː호
국악,구각
국왕,구광
국익,구긱
군밤,군ː밤
군중,군중
굴뚝,굴ː뚝
궁궐,궁궐
궁중,궁중
권익,궈닉
권장,권ː장
권태,권ː태
권투,권ː투
권한,권한
궤도,궤ː도
귀감,귀감
귀족,귀ː족
귀천,귀ː천
규범,규범
규율,규율
규제,규제
금기,금ː기
금속,금속
금전,금전
급등,급뜽
급여,그벼
긍정,긍ː정
긍지,긍ː지
기금,기금
기기,기기
기력,기력
기립,기립
기법,기뻡
기상,기상
기습,기습
기아,기아
기압,기압
기원,기원
기일,기일
기절,기절
기질,기질
기체,기체
기피,기피
기한,기한
기행,기행
기호,기호
김장,김장
까치,까ː치
깡통,깡통
꼬마,꼬마
꼴찌,꼴찌
끈기,끈기
끼니,끼니
낙원,나권
낙후,나쿠
난간,난간
난청,난청
난폭,난ː폭
남극,남극
남색,남색
남한,남한
남향,남향
낭독,낭ː독
낭패,낭ː패
내기,내ː기
내복,내ː복
내심,내ː심
내역,내ː역
내장,내ː장
냇가,내ː까
냉대,냉ː대
냉전,냉ː전
냉정,냉ː정
너비,너비
노사,노사
노예,노예
노화,노ː화
노후,노ː후
논밭,논받
논증,논증
논평,논평
농가,농가
농경,농경
농도,농도
농장,농장
뇌사,뇌사
누이,누이
누전,누ː전
누출,누ː출
눈발,눈ː빨
단가,단까
단결,단결
단군,단군
단돈,단돈
단합,단합
담보,담보
담장,담장
당구,당구
당국,당국
당부,당부
당혹,당혹
대결,대ː결
대금,대ː금
대꾸,대ː꾸
대담,대ː담
대등,대ː등
대륙,대ː륙
대목,대목
대박,대ː박
대본,대본
대북,대ː북
대상,대ː상
대안,대ː안
대양,대ː양
대여,대ː여
대우,대ː우
대인,대ː인
대장,대ː장
대추,대ː추
대피,대ː피
대항,대ː항
댓글,대끌
덩치,덩치
도달,도ː달
도덕,도ː덕
도리,도ː리
도립,도ː립
도매,도매
도박,도박
도약,도약
도태,도태
도표,도표
도피,도피
돌파,돌파
동감,동감
동거,동거
동경,동ː경
동굴,동ː굴
동등,동등
동반,동반
동정,동정
동행,동행
동향,동향
동화,동화
들판,들ː판
등골,등꼴
등교,등교
등반,등반
또래,또래
마감,마감
마비,마비
마취,마취
만병,만ː병
맏이,마지
맏형,마텽
말끝,말ː끋
말단,말딴
망치,망치
매입,매ː입
매장,매장
매출,매ː출
멸종,멸쫑
명복,명복
명중,명ː중
명칭,명칭
명품,명품
모발,모발
모방,모방
모순,모순
모욕,모ː욕
모친,모ː친
모형,모형
몸집,몸찝
묘지,묘ː지
무상,무상
무술,무ː술
무식,무식
무형,무형
문과,문꽈
문구,문꾸
문단,문단
문항,문ː항
문헌,문헌
문형,문형
물자,물짜
물체,물체
물품,물품
미각,미각
미덕,미ː덕
미아,미아
미역,미역
미적,미쩍
미지,미ː지
민간,민간
민박,민박
민주,민주
반감,반ː감
반도,반ː도
반박,반ː박
반주,반ː주
반칙,반ː칙
반항,반ː항
발각,발각
발굴,발굴
발단,발딴
발병,발병
발전,발쩐
발효,발효
밧줄,바쭐
방귀,방ː귀
방범,방범
방어,방어
방치,방ː치
방침,방침
방황,방황
배상,배상
배설,배설
배신,배ː신
배역,배ː역
배제,배제
배출,배출
배출,배ː출
배포,배ː포
배후,배ː후
번창,번창
벌판,벌판
범행,범ː행
법안,버반
벼락,벼락
벽화,벼콰
변기,변기
변덕,변ː덕
변천,변ː천
변호,변ː호
병동,병ː동
병행,병ː행
보건,보ː건
보배,보ː배
보복,보ː복
보상,보ː상
보약,보ː약
보육,보ː육
보증,보증
복원,보권
복학,보칵
본전,본전
부고,부ː고
부과,부ː과
부당,부당
부도,부도
부사,부ː사
부실,부실
부양,부양
부응,부ː응
부인,부ː인
부임,부ː임
부진,부진
부축,부ː축
부패,부ː패
부피,부피
부하,부하
부활,부ː활
북한,부칸
북향,부컁
분기,분기
분담,분담
분배,분배
분유,부뉴
분쟁,분쟁
분출,분ː출
분해,분해
불경,불경
불길,불낄
불우,부루
불의,부릐
불참,불참
불화,불화
불황,불황
붕괴,붕괴
붕대,붕대
비관,비ː관
비료,비ː료
비리,비ː리
비방,비방
비서,비ː서
비염,비ː염
비평,비ː평
비품,비ː품
빈곤,빈곤
빈도,빈도
빈부,빈부
빈칸,빈ː칸
빈혈,빈혈
빙하,빙하
사격,사격
사고,사고
사교,사교
사극,사ː극
사기,사ː기
사리,사ː리
사법,사법
사복,사복
사상,사ː상
사슴,사슴
사원,사원
사유,사ː유
사치,사치
사퇴,사퇴
사형,사ː형
사회,사회
사후,사ː후
산간,산간
산골,산꼴
산하,산하
살균,살균
살해,살해
상봉,상봉
상여,상여
상위,상ː위
상의,상의
상장,상짱
상주,상주
상체,상ː체
상표,상표
새댁,새댁
새싹,새싹
생계,생계
생애,생애
생전,생전
생태,생태
서구,서구
서두,서ː두
서술,서ː술
서신,서신
서열,서ː열
서예,서예
서재,서재
서평,서평
서향,서향
석사,석싸
석탄,석탄
선고,선고
선교,선교
선두,선두
선반,선반
선발,선ː발
선불,선불
선비,선비
선의,서ː늬
선조,선조
선출,선ː출
선행,선행
선행,선ː행
설계,설계
설교,설교
설비,설비
섬유,서뮤
섭외,서뵈
성경,성ː경
성금,성금
성대,성대
성분,성분
성비,성ː비
성품,성ː품
성향,성ː향
성형,성형
세관,세ː관
세균,세ː균
세태,세ː태
세포,세ː포
소동,소동
소매,소ː매
소모,소모
소속,소ː속
소송,소송
소식,소ː식
소신,소ː신
소실,소실
소아,소ː아
소양,소양
소인,소ː인
소장,소ː장
소질,소질
소통,소통
속어,소거
손짓,손찓
송금,송ː금
쇠퇴,쇠퇴
수강,수강
수녀,수녀
수당,수당
수록,수록
수료,수료
수립,수립
수목,수목
수발,수발
수분,수분
수비,수비
수산,수산
수상,수상
수색,수색
수석,수석
수염,수염
수완,수완
수익,수익
수지,수지
수질,수질
수컷,수컫
수필,수필
수학,수학
수해,수해
수험,수험
수혈,수혈
수확,수확
순대,순대
순환,순환
숭배,숭배
스승,스승
승부,승부
승자,승자
시각,시ː각
시립,시ː립
시범,시ː범
시사,시사
시신,시ː신
시인,시ː인
시적,시쩍
시체,시ː체
식용,시굥
신곡,신곡
신의,시ː늬
신자,신ː자
신장,신장
신하,신하
신형,신형
실외,시뢰
실적,실쩍
실직,실찍
실태,실태
실행,실행
실화,실화
심경,심경
심성,심성
심신,심신
심야,시ː먀
심의,시ː믜
쌍방,쌍방
아비,아비
악역,아격
악용,아굥
안건,안ː껀
안달,안달
안도,안도
알뜰,알뜰
암벽,암벽
암시,암ː시
암컷,암컫
암호,암ː호
애착,애ː착
애칭,애ː칭
야광,야ː광
야당,야ː당
야생,야ː생
야영,야ː영
약효,야쿄
얌체,얌체
양가,양ː가
양반,양ː반
양육,양ː육
양질,양질
양초,양초
양측,양ː측
양치,양치
양해,양해
어간,어ː간
어미,어ː미
어순,어ː순
어업,어업
어원,어ː원
어조,어ː조
어투,어ː투
어학,어ː학
억압,어갑
언행,언행
엄살,엄살
여당,여ː당
여류,여류
여사,여사
여야,여ː야
여파,여파
연대,연대
연비,연비
연예,여ː녜
연재,연재
연하,연하
열거,열거
열광,열광
열대,열때
열의,여릐
염증,염쯩
영광,영광
영입,영입
영장,영짱
영재,영재
영토,영토
예배,예배
예전,예ː전
오기,오ː기
오류,오ː류
오줌,오줌
온대,온대
온돌,온돌
완공,완공
완주,완주
완치,완치
완쾌,완쾌
왕궁,왕궁
왕권,왕꿘
왕따,왕따
왕위,왕위
왕자,왕자
왕조,왕조
왜곡,왜곡
외래,외ː래
외무,외ː무
외신,외ː신
외제,외ː제
외화,외ː화
외환,외ː환
요양,요양
요점,요쩜
용기,용기
용법,용ː뻡
용지,용ː지
우기,우ː기
우뇌,우ː뇌
우대,우대
우성,우성
우세,우세
우월,우월
우파,우ː파
원가,원까
원고,원고
원금,원금
원본,원본
원유,워뉴
원작,원작
원장,원장
원조,원ː조
원형,원형
원화,원화
원활,원활
월간,월간
월차,월차
위법,위법
위생,위생
위성,위성
위안,위안
위암,위암
위염,위염
위조,위조
유가,유까
유감,유감
유골,유골
유도,유도
유동,유동
유래,유래
유례,유ː례
유사,유ː사
유세,유ː세
유아,유아
유전,유전
유출,유출
유포,유포
유해,유ː해
유효,유ː효
유희,유히
육아,유가
율동,율똥
융합,융합
은퇴,은퇴
음질,음질
음치,음치
음향,음향
응급,응ː급
의과,의꽈
의료,의료
의술,의술
의원,의원
의학,의학
의혹,의혹
의회,의회
이득,이ː득
이력,이ː력
이상,이ː상
이슬,이슬
이식,이식
이윤,이ː윤
이의,이ː의
이주,이주
이직,이직
이행,이ː행
인권,인꿘
인근,인근
인종,인종
인출,인출
인파,인파
일감,일ː깜
일과,일과
일주,일쭈
일탈,일탈
일터,일ː터
일화,일화
임기,임ː기
임대,임ː대
임업,이멉
임종,임종
자가,자가
자각,자각
자갈,자갈
자국,자국
자금,자금
자립,자립
자모,자모
자백,자백
자산,자산
자선,자선
자손,자손
자수,자수
자아,자아
자율,자율
자음,자음
자재,자재
자질,자질
자취,자취
자치,자치
자태,자태
잔고,잔고
잡화,자퐈
장군,장군
장기,장기
장치,장치
재무,재무
재배,재ː배
재벌,재벌
재앙,재앙
재정,재정
재직,재ː직
재질,재질
재해,재해
재현,재ː현
재혼,재ː혼
재활,재ː활
쟁점,쟁쩜
저가,저ː까
저승,저승
저항,저ː항
전구,전ː구
전기,전기
전담,전담
전동,전ː동
전등,전ː등
전반,전반
전액,저낵
전업,저넙
전직,전직
전투,전ː투
전학,전ː학
전환,전ː환
절감,절감
절벽,절벽
절전,절쩐
점포,점ː포
정감,정감
정권,정꿘
정복,정복
정비,정ː비
정의,정ː의
정전,정전
정화,정화
제값,제갑
제과,제ː과
제대,제대
제비,제ː비
제약,제ː약
제의,제의
제정,제ː정
제조,제ː조
제패,제ː패 
조각,조각
조개,조개
조국,조국
조립,조립
조사,조ː사
조세,조세
조연,조ː연
조의,조ː의
조직,조직
조퇴,조ː퇴
좌뇌,좌ː뇌
좌절,좌ː절
좌파,좌ː파
죄인,죄ː인
주가,주까
주거,주ː거
주권,주꿘
주례,주례
주류,주류
주범,주범
주식,주식
주어,주어
주역,주역
주연,주연
주의,주의
주전,주전
주체,주체
주최,주최
중개,중개
중계,중계
중대,중ː대
중병,중ː병
중점,중ː쩜
중증,중ː쯩
증권,증꿘
증대,증대
증발,증발
증오,증오
지대,지대
지리,지리
지사,지사
지상,지상
지수,지수
지인,지인
지점,지점
지형,지형
지휘,지휘
직위,지귀
진급,진ː급
진땀,진땀
진보,진ː보
진정,진정
진정,진ː정
진지,진ː지
진화,진ː화
진흙,진흑
진흥,진ː흥
질환,질환
집회,지푀
징역,징역
차단,차ː단
차례,차례
차장,차장
착용,차굥
찬반,찬ː반
참견,참견
참배,참배
참새,참새
참치,참치
창업,창ː업
창출,창ː출
채식,채ː식
채용,채ː용
처가,처가
처마,처마
척추,척추
철강,철강
철학,철학
첨가,첨가
첨단,첨단
청구,청구
청자,청자
청중,청중
체감,체감
체격,체격
체내,체내
체류,체류
체벌,체벌
체육,체육
체제,체제
체질,체질
체포,체포
체형,체형
초등,초등
초래,초래
초상,초상
초원,초원
총각,총ː각
총액,총ː액
총장,총ː장
추구,추구
추락,추락
추모,추모
추세,추세
추수,추수
추적,추적
출간,출간
출금,출금
출제,출쩨
출혈,출혈
충동,충동
충전,충전
충족,충족
충치,충치
충혈,충혈
취득,취ː득
취사,취ː사
취임,취ː임
취학,취ː학
치매,치매
치아,치아
치안,치안
치욕,치욕
치유,치유
치통,치통
친교,친교
친분,친분
친족,친족
친지,친지
친화,친화
침수,침수
침입,치ː밉
침착,침착
침체,침체
침해,침ː해
콧등,코뜽
쾌감,쾌감
쾌락,쾌락
큰절,큰절
타협,타ː협
탄압,타ː납
탈춤,탈ː춤
탈퇴,탈퇴
탐구,탐구
탐색,탐색
탐험,탐험
태교,태교
태아,태아
터득,터ː득
터전,터전
털옷,터롣
토막,토막
토양,토양
토지,토지
통보,통보
통제,통ː제
통치,통ː치
통풍,통풍
통학,통학
퇴임,퇴ː임
퇴장,퇴ː장
투고,투고
투기,투기
투병,투병
투입,투입
투쟁,투쟁
투정,투정
특허,트커
티끌,티끌
파격,파ː격
파견,파견
파업,파ː업
판결,판결
판정,판정
판촉,판촉
패배,패ː배
패자,패ː자
팽창,팽창
편입,펴닙
편집,편집
평야,평야
평지,평지
폐수,폐ː수
폐장,폐ː장
폐해,폐ː해
폐허,폐ː허
포기,포기
포부,포ː부
포용,포ː용
폭염,포겸
폭행,포캥
표기,표기
표류,표류
품종,품ː종
풍요,풍요
풍자,풍자
피고,피ː고
피리,피리
피살,피ː살
피차,피ː차
필자,필짜
핏줄,피쭐
하객,하ː객
하교,하ː교
하락,하ː락
하류,하ː류
하위,하ː위
하인,하ː인
하천,하천
하체,하ː체
하향,하ː향
학업,하겁
학위,하귀
한과,한ː과
한도,한ː도
한약,하ː냑
한우,하ː누
한정,한ː정
한탄,한ː탄
한탕,한탕
한파,한파
함성,함ː성
함축,함축
해고,해ː고
해군,해ː군
해독,해ː독
해발,해ː발
해상,해ː상
해양,해ː양
해일,해ː일
해저,해ː저
해제,해ː제
해직,해ː직
허구,허구
허기,허기
허무,허무
허위,허위
허탈,허탈
허파,허파
헌법,헌ː뻡
헌혈,헌ː혈
헐값,헐깝
험담,험ː담
혁신,혁씬
현직,현ː직
현황,현ː황
혈관,혈관
혈압,혀랍
혈액,혀랙
혐오,혀모
혐의,혀믜
협약,혀뱍
협의,혀븨
형부,형부
호소,호소
호우,호우
호전,호ː전
호칭,호칭
호평,호ː평
호화,호화
호황,호ː황
화두,화두
화법,화뻡
화산,화ː산
화상,화ː상
화자,화자
화장,화ː장
화초,화초
화학,화ː학
환갑,환ː갑
환호,환호
환희,환히
활자,활짜
황제,황제
황혼,황혼
회갑,회갑
회계,회ː계
횡단,횡단
효녀,효ː녀
효력,효ː력
효율,효ː율
후각,후각
후기,후ː기
후대,후ː대
후속,후ː속
후손,후ː손
후임,후ː임
후퇴,후ː퇴
훼손,훼ː손
휴전,휴전
휴직,휴직
흡연,흐변
흥행,흥행
가운데,가운데
간호사,간호사
갈비탕,갈비탕
감기약,감ː기약
강아지,강아지
공휴일,공휴일
관광객,관광객
관광지,관광지
교과서,교ː과서
교통비,교통비
귀걸이,귀거리
그저께,그저께
기차역,기차역
기차표,기차표
남동생,남동생
냉장고,냉ː장고
대학원,대ː하권
도서관,도서관
마지막,마지막
매표소,매ː표소
목요일,모교일
물고기,물꼬기
미술관,미ː술관
밀가루,밀까루
바닷가,바다까
반바지,반ː바지
발가락,발까락
방송국,방ː송국
백화점,배콰점
변호사,변ː호사
볶음밥,보끔밥
불고기,불고기
비빔밥,비빔빱
비행기,비행기
사거리,사ː거리
사계절,사ː계절
사무실,사ː무실
삼거리,삼거리
삼계탕,삼계탕
선풍기,선풍기
설거지,설거지
세탁기,세ː탁끼
세탁소,세ː탁쏘
소고기,소고기
소화제,소화제
손바닥,손빠닥
수영복,수영복
수영장,수영장
시간표,시간표
신분증,신분쯩
신호등,신ː호등
십이월,시비월
쓰레기,쓰레기
아버지,아버지
어젯밤,어제빰
엉덩이,엉ː덩이
여동생,여동생
여행지,여행지
영화관,영화관
외국어,외ː구거
외국인,외ː구긴
요리사,요리사
우체국,우체국
운동복,운ː동복
운동장,운ː동장
운동화,운ː동화
유치원,유치원
이삿짐,이사찜
이야기,이야기
일주일,일쭈일
자동차,자동차
자전거,자전거
전화기,전ː화기
젓가락,저까락
정거장,정거장
제주도,제ː주도
종업원,종어붠
주차장,주ː차장
중학교,중학꾜
지우개,지우개
지하도,지하도
지하철,지하철
청바지,청바지
초대장,초대짱
출퇴근,출퇴근
태권도,태꿘도
편의점,펴늬점
항공권,항ː공꿘
화장품,화장품
회사원,회ː사원
휴게실,휴게실
휴지통,휴지통
가로등,가로등
가치관,가치관
감동적,감ː동적
강의실,강ː의실
개인적,개ː인적
거래처,거ː래처
건전지,건전지
게시판,게ː시판
겨울철,겨울철
경기장,경ː기장
경비실,경ː비실
계산기,계ː산기
계산대,계ː산대
고구마,고ː구마
고등어,고등어
공과금,공과금
과소비,과ː소비
관계자,관계자
교육비,교ː육삐
교육자,교ː육짜
교통편,교통편
구세대,구ː세대
긍정적,긍ː정적
기지개,기ː지개
길거리,길꺼리
내성적,내ː성적
노선도,노ː선도
녹음기,노금기
눈동자,눈똥자
담당자,담당자
대기업,대ː기업
대도시,대ː도시 
도시락,도시락
도자기,도자기
독일어,도기러
동창회,동창회
동호회,동호회
동화책,동ː화책
땅바닥,땅빠닥
말다툼,말ː다툼
말하기,말ː하기
맞은편,마즌편
면허증,면ː허쯩
무더위,무더위
무지개,무지개
무책임,무채김
문구점,문구점
문방구,문방구
문제점,문ː제쩜
문화재,문화재
문화적,문화적
바가지,바가지
바구니,바구니
반대쪽,반ː대쪽
반창고,반창고
발표회,발표회
방바닥,방빠닥
배우자,배ː우자
번호표,번호표
보고서,보ː고서
보리차,보리차
보행자,보ː행자
볼거리,볼꺼리
부작용,부ː자굥
부정적,부ː정적
부정확,부정확
부주의,부주의
불친절,불친절
비상구,비ː상구
비판적,비ː판적
비행장,비행장
빈자리,빈ː자리
사교적,사교적
사무소,사ː무소
사무직,사ː무직
사생활,사생활
사업가,사ː업까
사업자,사ː업짜
사용법,사ː용뻡
사용자,사ː용자
사진첩,사진첩
사회자,사회자
사회적,사회적
상대방,상대방
상대편,상대편
생김새,생김새
생활비,생활비
선진국,선진국
성적표,성적표
소나기,소나기
소방관,소방관
소방차,소방차
소비자,소비자
소설가,소ː설가
소설책,소ː설책
소아과,소ː아꽈
손가방,손까방
손잡이,손자비
송별회,송ː별회
송아지,송아지
쇠고기,쇠ː고기
수도권,수도꿘
수동적,수동적
수리비,수리비
수수료,수수료
수입품,수입품
순간적,순간적
술자리,술짜리
숨소리,숨ː쏘리
승차권,승차꿘
시금치,시금치
시부모,시부모
시청자,시ː청자
시험지,시험지
신제품,신제품
신체적,신체적
싸구려,싸구려
아래층,아래층
아랫집,아래찝
아쉬움,아쉬움
아침밥,아침빱
안전띠,안전띠
약혼자,야콘자
양배추,양배추
어르신,어ː르신
엉터리,엉터리
여행가,여행가
연구소,연ː구소
연구실,연ː구실
연구자,연ː구자
연기자,연ː기자
연두색,연ː두색
연주회,연ː주회
연체료,연체료
예술가,예ː술가
오징어,오징어
외갓집,외ː가찝
외교관,외ː교관
외삼촌,외ː삼촌
외아들,외아들
외출복,외ː출복
요리법,요리뻡
우체통,우체통
우편함,우편함
우회전,우ː회전
유리창,유리창
음악회,으마쾨
응급실,응ː급씰
이국적,이ː국쩍
이기적,이ː기적
이용자,이ː용자
이웃집,이욷찝
인간적,인간적
일교차,일교차
일본어,일보너
일자리,일ː짜리
일정표,일쩡표
일회용,일회용
자가용,자가용
자부심,자부심
자신감,자신감
자주색,자ː주색
작은집,자근집
잔디밭,잔디받
장단점,장단쩜
전통적,전통적
정육점,정육쩜
정치인,정치인
제과점,제ː과점
졸업식,조럽씩
좌회전,좌ː회전
주유소,주ː유소
주인공,주인공
주전자,주전자
주차권,주ː차꿘
주차료,주ː차료
줄거리,줄거리
중고차,중고차
중국어,중구거
중형차,중형차
즐거움,즐거움
지하실,지하실
진통제,진ː통제
진행자,진ː행자
책임감,채김감
책임자,채김자
처방전,처ː방전
천주교,천주교
초가을,초가을
초겨울,초겨울
초보자,초보자
초승달,초승딸
초저녁,초저녁
초청장,초청짱
최고급,최ː고급
출근길,출근낄
충격적,충격쩍
치료법,치료뻡
친아들,치나들
친오빠,치노빠
큰아들,크나들
팔꿈치,팔꿈치
포도주,포도주
포장지,포장지
표준어,표주너
표지판,표지판
피해자,피ː해자
학용품,하굥품
한겨울,한겨울
한국어,한ː구거
한국인,한ː구긴
해돋이,해도지
허리띠,허리띠
호기심,호ː기심
화장대,화장대
활동적,활똥적
회의실,회ː의실
휴가철,휴가철
휴양지,휴양지
가로수,가로수
가르침,가르침
가속화,가소콰
가요계,가요계
가해자,가해자
간담회,간ː담회
감상적,감ː상적
감성적,감ː성적
감수성,감ː수썽
감정적,감ː정적
값어치,가버치
강대국,강대국
개방적,개방적
개별적,개ː별쩍
개신교,개ː신교
거리낌,거리낌
거부감,거ː부감
거주자,거주자
경공업,경공업
경제권,경제꿘
경제성,경제썽
경제학,경제학
경조사,경ː조사
경찰청,경ː찰청
경험담,경험담
고가품,고까품
고교생,고교생
고구려,고구려
고기압,고기압
고무신,고무신
고소득,고소득
고지서,고ː지서
고혈압,고혀랍
골동품,골똥품
골짜기,골짜기
곰팡이,곰ː팡이
공간적,공간적
공감대,공ː감대
공개적,공개적
공교육,공교육
공포감,공ː포감
교도소,교ː도소
교무실,교ː무실
교육적,교ː육쩍
구경꾼,구ː경꾼
구두쇠,구두쇠
구매자,구매자
궁금증,궁금쯩
권위적,궈뉘적
글쓴이,글쓰니
기관지,기관지
기대감,기대감
기부금,기부금
기상청,기상청
기술적,기술쩍
기와집,기와집
기원전,기원전
기원후,기원후
기저귀,기저귀
기호품,기호품
긴장감,긴장감
깨소금,깨소금
나그네,나그네
나들이,나드리
나침반,나침반
난치병,난치뼝
널뛰기,널ː뛰기
노골적,노골쩍
노처녀,노ː처녀
노총각,노ː총각
높임법,노핌뻡
뇌졸중,뇌졸쭝
눈꺼풀,눈꺼풀
능동적,능동적
다양화,다양화
대가족,대ː가족
대리점,대ː리점
대조적,대ː조적
대중적,대ː중적
대중화,대ː중화
도깨비,도깨비
도시화,도시화
동호인,동호인
뒤풀이,뒤ː푸리
말솜씨,말ː쏨씨
면도기,면ː도기
모국어,모ː구거
모범생,모범생
무공해,무공해
무기력,무기력
미술가,미ː술가
민주적,민주적
민주화,민주화
반도체,반ː도체
반환점,반환쩜
발돋움,발도둠
발표자,발표자
방청객,방청객
배타적,배타적
백혈병,배켤뼝
범죄자,범ː죄자
변두리,변두리
보상금,보ː상금
보수적,보ː수적
보육원,보ː유권
보조금,보ː조금
보증금,보증금
보편적,보ː편적
보편화,보ː편화
보호자,보ː호자
본질적,본질쩍
부담감,부ː담감
부도덕,부도덕
부유층,부ː유층
불경기,불경기
불치병,불치뼝
불효자,불효자
비관적,비ː관적
비상금,비ː상금
비속어,비ː소거
비웃음,비ː우슴
비유적,비ː유적
빗줄기,비쭐기
사고력,사고력
사교육,사교육
사무적,사ː무적 
사상가,사ː상가
사은품,사ː은품
산업화,사ː너퐈
상갓집,상가찝
상거래,상거래
상여금,상여금
상위권,상ː위꿘
상품권,상품꿘
생동감,생동감
생태계,생태계
생필품,생필품
생활고,생활고
생활권,생활꿘
생활화,생활화
서술어,서ː수러
선교사,선교사
선동적,선동적
선정적,선정적
선호도,선ː호도
선후배,선후배
섬유질,서뮤질
성장기,성장기
성차별,성ː차별
성취도,성취도
세계관,세ː계관
소개서,소개서
소외감,소외감
소유자,소ː유자
소화기,소화기
수사관,수사관
수산업,수사넙
수신자,수신자
수줍음,수주븜
수증기,수증기
수험생,수험생
수화기,수화기
승강기,승강기
시대적,시대적
시사회,시ː사회
시청각,시ː청각
식은땀,시근땀
신경질,신경질
신경통,신경통
신기록,신기록
신도시,신도시
실질적,실찔쩍
실천적,실천적
쌍꺼풀,쌍꺼풀
씀씀이,씀쓰미
아열대,아ː열때
악영향,아경향
안정감,안정감
안정적,안정적
암기력,암ː기력
애완견,애ː완견
애창곡,애ː창곡
야유회,야ː유회
여성적,여성적
연장자,연장자
연주자,연ː주자
연평균,연평균
열대야,열때야
열등감,열뜽감
영화제,영화제
예술품,예ː술품
외동딸,외동딸
외향적,외ː향적
외형적,외ː형적
용의자,용의자
우발적,우ː발쩍
우울증,우울쯩
우호적,우ː호적
울타리,울타리
원자력,원자력
위생적,위생적
위화감,위화감
유권자,유ː꿘자
유대감,유대감
유동적,유동적
유전병,유전뼝
유전자,유전자
유창성,유창썽
유행가,유행가
유흥비,유흥비
의생활,의생활
의성어,의성어
의태어,의태어
이기심,이ː기심
이상형,이ː상형
이성적,이ː성적
인건비,인껀비
인도적,인도적
인지도,인지도
일간지,일간지
일대일,일때일
임대료,임ː대료
임산부,임ː산부
임신부,임ː신부
자연계,자연계
자외선,자ː외선
잠재력,잠재력
장거리,장거리
재개발,재ː개발
재정적,재정적
재충전,재ː충전
저고리,저고리
저기압,저ː기압
저소득,저ː소득
저혈압,저ː혀랍
전반부,전반부
전셋값,전세깝
전쟁터,전ː쟁터
전환기,전ː환기
정규직,정ː규직
정상화,정ː상화
정체기,정체기
정체성,정ː체썽
정치가,정치가
제도적,제ː도적
제조업,제ː조업
조리법,조리뻡
조리사,조리사
조부모,조부모
조선업,조ː서넙
조의금,조ː의금
조종사,조종사
좌담회,좌ː담회
주거비,주ː거비
주거지,주ː거지
주방장,주방장
주생활,주ː생활
주재료,주재료
중개인,중개인
중공업,중ː공업
중요시,중ː요시
중점적,중ː쩜적
증가세,증가세
증후군,증후군
지구력,지구력
지구촌,지구촌
지리적,지리적
지원금,지원금
지원자,지원자
지지율,지지율
진보적,진ː보적
진취적,진ː취적
짜임새,짜임새
찜질방,찜질방
차별화,차별화
참가자,참가자
창의성,창ː의썽
창의적,창ː의적
창작품,창ː작품
창조적,창ː조적
천부적,천부적
청취자,청취자
초가집,초가집
초고속,초고속
초월적,초월쩍
초인종,초인종
초창기,초창기
최신형,최ː신형
최우수,최ː우수
최첨단,최ː첨단
친근감,친근감
친화력,친화력
친환경,친환경
탈의실,타릐실
투자자,투자자
편두통,편두통
편파적,편파적
평화적,평화적
표기법,표기뻡
푸대접,푸대접
피고인,피ː고인
피부과,피부꽈
하반기,하ː반기
하소연,하소연
한반도,한ː반도
한자어,한ː짜어
해수욕,해ː수욕
해열제,해ː열쩨
행정부,행정부
현기증,현ː기쯩
혈액형,혀래켱
환절기,환ː절기
황금기,황금기
회갑연,회가변
회원국,회ː원국
회의적,회의적
후반부,후ː반부
후보자,후보자
후유증,후ː유쯩
