표제어,발음
감,감ː
값,갑
강,강
개,개ː
겉,걷
공,공ː
국,국
귀,귀
귤,귤
글,글
길,길
김,김ː
꽃,꼳
끝,끋
날,날
낮,낟
눈,눈
눈,눈ː
달,달
답,답
댁,댁
돈,돈ː
돌,돌ː
뒤,뒤ː
딸,딸
땅,땅
때,때
떡,떡
말,말ː
맛,맏
멋,먿
목,목
몸,몸
무,무ː
문,문
물,물
밑,믿
밖,박
반,반
발,발
밤,밤
밥,밥
방,방
배,배
벽,벽
봄,봄
비,비
빵,빵
산,산
살,살
상,상
섬,섬ː
성,성ː
속,속ː
손,손
시,시
쌀,쌀
앞,압
약,약
역,역
옆,엽
옷,옫
월,월
위,위
일,일
입,입
잔,잔
전,전
주,주
짐,짐
집,집
차,차
책,책
춤,춤
층,층
칼,칼
코,코
콩,콩
키,키
팔,팔
표,표
혀,혀
형,형
화,화ː
후,후ː
힘,힘
간,간
간,간ː
겁,겁
게,게ː
곡,곡
과,과
군,군ː
굴,굴ː
깨,깨
꿀,꿀
끼,끼
남,남
뇌,뇌/눼
담,담
돌,돌
동,동
동,동ː
뜰,뜰
띠,띠
맘,맘ː
멍,멍
몫,목
못,몯
밤,밤ː
벌,벌
법,법
벼,벼
볼,볼
북,북
빗,빋
뺨,뺨
뼈,뼈
삶,삼ː
서,서
숨,숨ː
숲,숩
신,신
실,실ː
씨,씨
알,알
암,암ː
애,애ː
양,양
욕,욕
절,절
정,정
젖,젇
죄,죄ː/줴ː
죽,죽
중,중ː
쪽,쪽
창,창
침,침
탑,탑
턱,턱
털,털
파,파
해,해ː
회,회ː/훼ː
흙,흑
갑,갑
계,계:/게:
공,공
관,관
군,군
궁,궁
균,균
기,기
깃,긷
낙,낙
넋,넉
논,논
당,당
대,대ː
덤,덤ː
도,도ː
둑,둑
등,등
란,란
면,면
면,면ː
무,무
밭,받
벗,벋ː
붓,붇
샘,샘ː
생,생
선,선ː
세,세ː
솔,솔ː
솥,솓
승,승
식,식
싹,싹
안,안ː
윤,윤ː
의,의ː
장,장ː
조,조
종,종
즙,즙
직,직
찜,찜
처,처
철,철
탈,탈ː
팥,팓
폐,폐ː/페ː
함,함ː
행,행
효,효ː
가게,가ː게
가격,가격
가구,가구
가방,가방
가수,가수
가슴,가슴
가요,가요
가위,가위
가을,가을
가족,가족
간식,간ː식
간장,간장
갈비,갈비
감사,감ː사
감자,감자
거리,거리
거리,거ː리
거실,거실
거울,거울
거절,거ː절
걱정,걱쩡
건강,건ː강
건물,건ː물
검사,검사
겨울,겨울
결석,결썩
결정,결쩡
결혼,결혼
경기,경ː기
경찰,경ː찰
경치,경치
계단,계단/게단
계란,계란/게란
계산,계ː산/게ː산
계절,계ː절/게ː절
계획,계ː획/게ː훽
고개,고개
고기,고기
고모,고모
고향,고향
공부,공부
공원,공원
공짜,공짜
공책,공책
공항,공항
과거,과ː거
과일,과ː일
과자,과자
관광,관광
관심,관심
광주,광주
교사,교ː사
교수,교ː수
교실,교ː실
교육,교ː육
교통,교통
교환,교환
교회,교ː회/교ː훼
구경,구ː경
구두,구두
구름,구름
구월,구월
국내,궁내
국수,국쑤
국제,국쩨
군인,구닌
규칙,규칙
그날,그날
그때,그때
그릇,그륻
그림,그ː림
극장,극짱
근처,근ː처
글씨,글씨
글자,글짜
기간,기간
기름,기름
기분,기분
기쁨,기쁨
기온,기온
기자,기자
기차,기차
기회,기회/기훼
긴장,긴장
김밥,김ː밥/김ː빱
김치,김치
꽃병,꼳뼝
꽃집,꼳찝
나라,나라
나이,나이
나중,나ː중
나흘,나흘
낚시,낙씨
날씨,날씨
날짜,날짜
남녀,남녀
남성,남성
남자,남자
남쪽,남쪽
남편,남편
내과,내ː꽈
내년,내년
내용,내ː용
내일,내일
냄비,냄비
냉면,냉ː면
노래,노래
노인,노ː인
녹차,녹차
놀이,노리
농구,농구
누나,누ː나
느낌,느낌
능력,능녁
다리,다리
단어,다너
단추,단추
단풍,단풍
달걀,달걀
달력,달력
답장,답짱
대답,대ː답
대학,대ː학
대회,대ː회/대ː훼
도로,도ː로
도시,도시
도움,도움
도착,도ː착
독서,독써
독일,도길
동네,동ː네
동물,동ː물
동생,동생
동시,동시
동안,동안
동전,동전
동쪽,동쪽
된장,된ː장/뒌ː장
두부,두부
뒤쪽,뒤ː쪽
등산,등산
딸기,딸ː기
떡국,떡꾹
마당,마당
마을,마을
마음,마음
마중,마중
만두,만두
만화,만ː화
말씀,말ː씀
매년,매ː년
매달,매ː달
매일,매ː일
매주,매ː주
맥주,맥쭈
머리,머리
먼저,먼저
며칠,며칠
명절,명절
모레,모ː레
모습,모습
모양,모양
모자,모자
목욕,모굑
무료,무료
무릎,무릅
문제,문ː제
문화,문화
물건,물건
미국,미국
미래,미ː래
미안,미안
바깥,바깓
바다,바다
바닥,바닥
바람,바람
바지,바지
반대,반ː대
반지,반지
반찬,반찬
방금,방금
방문,방문
방문,방ː문
방송,방ː송
방학,방ː학
방향,방향
배우,배우
배추,배ː추
병원,병ː원
복습,복씁
봉투,봉투
부부,부부
부산,부산
부엌,부억
부인,부인
부장,부장
부탁,부ː탁
북쪽,북쪽
분식,분식
불안,부란
불편,불편
비누,비누
빨래,빨래
빵집,빵찝
사고,사ː고
사과,사과
사람,사ː람
사랑,사랑
사업,사ː업
사월,사ː월
사이,사이
사장,사장
사전,사전
사진,사진
사탕,사탕
사흘,사흘
산책,산ː책
삼월,사뭘
삼촌,삼촌
상추,상추
상품,상품
새벽,새벽
새해,새해
색깔,색깔
생선,생선
생신,생신
생일,생일
서랍,서랍
서류,서류
서울,서울
서점,서점
서쪽,서쪽
선물,선ː물
선배,선배
선수,선ː수
선택,선ː택
설날,설ː랄
설명,설명
설탕,설탕
성격,성ː껵
성적,성적
성함,성ː함
세계,세ː계/세ː게
세배,세ː배
세상,세ː상
세탁,세ː탁
소개,소개
소금,소금
소설,소ː설
소식,소식
소주,소주
소포,소ː포
소풍,소풍
속옷,소ː곧
손녀,손녀
손님,손님
송편,송편
수건,수ː건
수고,수ː고
수술,수술
수업,수업
수영,수영
수저,수저
수첩,수첩
숙제,숙쩨
순서,순ː서
술집,술찝
슬픔,슬픔
시간,시간
시계,시계/시게
시골,시골
시내,시ː내
시월,시월
시장,시ː장
시험,시험
식구,식꾸
식당,식땅
식빵,식빵
식사,식싸
식초,식초
식탁,식탁
식품,식품
신랑,실랑
신발,신발
신부,신부
신호,신ː호
실례,실례
실수,실쑤
아까,아까
아내,아내
아들,아들
아래,아래
아빠,아빠
아침,아침
악기,악끼
안개,안ː개
안경,안ː경
안쪽,안쪽
애인,애ː인
야구,야ː구 
야채,야ː채
약국,약꾹
약사,약싸
약속,약쏙
양말,양말
양복,양복
양식,양식
얘기,얘ː기
어깨,어깨
어제,어제
언니,언니
언어,어너
얼굴,얼굴
얼마,얼마
엄마,엄마
여름,여름
여성,여성
여자,여자
여행,여행
역사,역싸
연결,연결
연극,연ː극
연락,열락
연말,연말
연세,연세
연필,연필
연휴,연휴
열쇠,열ː쐬/열ː쒜
열차,열차
열흘,열흘
엽서,엽써
영국,영국
영어,영어
영하,영하
영화,영화
옆집,엽찝
예매,예ː매
예술,예ː술
예습,예ː습
예약,예ː약
옛날,옌ː날
오늘,오늘
오빠,오빠
오월,오ː월
오이,오이
오전,오ː전
온도,온도
올해,올해
옷장,옫짱
외국,외ː국/웨ː국
왼손,왼ː손/웬ː손
왼쪽,왼ː쪽/웬ː쪽
요금,요ː금
요리,요리
요일,요일
요즘,요즘
우산,우ː산
우유,우유
우표,우표
운동,운ː동
운전,운ː전
울산,울싼
울음,우름
웃음,우슴
월급,월급
위쪽,위쪽
위치,위치
위험,위험
유명,유ː명
유월,유월
유학,유학
유행,유행
육교,육꾜
음료,음ː뇨
음식,음ː식
음악,으막
의미,의ː미
의자,의자
이날,이날
이때,이때
이름,이름
이마,이마
이모,이모
이번,이번
이불,이불
이용,이ː용
이월,이ː월
이전,이ː전
이제,이제
이틀,이틀
이후,이ː후
인사,인사
인삼,인삼
일본,일본
일월,이뤌
입구,입꾸
입술,입쑬
입원,이붠
입학,이팍
자랑,자랑
자식,자식
자신,자신
자연,자연
작년,장년
잔치,잔치
잠깐,잠깐
잠시,잠ː시
잡지,잡찌
잡채,잡채
장갑,장ː갑
장마,장마
장소,장소
재료,재료
재미,재미
저녁,저녁
저번,저ː번
전공,전공
전철,전ː철
전화,전ː화
점수,점쑤/점수
점심,점ː심
접시,접씨
정리,정ː니
정말,정ː말
정문,정ː문
정원,정원
조심,조ː심
조카,조카
졸업,조럽
종이,종이
주말,주말
주문,주ː문
주변,주변
주부,주부
주사,주ː사
주소,주ː소
주위,주위
주인,주인
주일,주일
주차,주ː차
중간,중간
중국,중국
중심,중심
중앙,중앙
지각,지각
지갑,지갑
지금,지금
지도,지도
지방,지방
지하,지하
직업,지겁
직원,지권
직장,직짱
질문,질문
짜증,짜증
찌개,찌개
찬물,찬물
참외,차뫼/차뭬
창문,창문
채소,채ː소
책상,책쌍
책장,책짱
처음,처음
청소,청소
초대,초대
최근,최ː근/췌ː근
추석,추석
축구,축꾸
축하,추카
출구,출구
출근,출근
출발,출발
출석,출썩
출입,추립
출장,출짱
취미,취ː미
취소,취ː소
취직,취ː직
치과,치꽈
치료,치료
치마,치마
치약,치약
친구,친구
친절,친절
친척,친척
칠월,치뤌
칠판,칠판
침대,침ː대
침실,침ː실
칫솔,치쏠/칟쏠
칭찬,칭찬
탁구,탁꾸
태국,태국
태풍,태풍
택배,택빼
퇴근,퇴ː근/퉤ː근
퇴원,퇴ː원/퉤ː원
튀김,튀김
팔월,파뤌
편안,펴난
편지,편ː지
포도,포도
포장,포장
풍경,풍경
피곤,피곤
필통,필통
하루,하루
학교,학꾜
학기,학끼
학년,항년
학생,학쌩
학원,하권
한국,한ː국
한글,한ː글
한복,한ː복
한식,한ː식
한옥,하ː녹
한잔,한잔
할인,하린
항공,항ː공
해외,해ː외/해ː웨
행복,행ː복
허리,허리
현재,현ː재
형제,형제
홍차,홍차
화가,화ː가
환영,화녕
환자,환ː자
회사,회ː사/훼ː사
후배,후ː배
휴가,휴가
휴일,휴일
휴지,휴지
희망,히망
가루,가루
가뭄,가뭄
가사,가사
가입,가입
가죽,가죽
가지,가지
가치,가치
간호,간호
갈등,갈뜽
갈증,갈쯩
감각,감ː각
감독,감독
감동,감ː동
감상,감상
감소,감ː소
감정,감ː정
강물,강물
강사,강ː사
강의,강ː의/강:이
개발,개발
개방,개방
개성,개ː성
개인,개ː인
개최,개최/개췌
거품,거품
건너,건ː너
건설,건ː설
건조,건조
건축,건ː축
걸레,걸레
검사,검ː사
검색,검ː색
겉옷,거돋
게시,게ː시
견학,견ː학
견해,견ː해
결근,결근
결승,결씅
결제,결쩨
겸손,겸손
경기,경기
경력,경녁
경비,경비
경영,경영
계곡,계곡/게곡
계약,계ː약/게ː약
계좌,계ː좌/게ː좌
고객,고객
고국,고ː국
고궁,고ː궁
고급,고급
고독,고독
고백,고ː백
고생,고생
고속,고속
고유,고유
고장,고장
고전,고ː전
고집,고집
고추,고추
고층,고층
고통,고통
곡식,곡씩
곤란,골ː란
골목,골ː목
곳곳,곧꼳
공간,공간
공감,공ː감
공개,공개
공격,공ː격
공공,공공
공기,공기
공연,공연
공적,공쩍
공주,공주
공포,공ː포
공해,공해
과로,과ː로
과목,과목
과속,과ː속
과식,과ː식
과외,과외/과웨
과장,과장
과제,과제
과학,과학
관객,관객
관람,괄람
교내,교ː내
교대,교대
교류,교류
교복,교ː복
교양,교ː양
교외,교외/교웨
교장,교ː장
교재,교ː재
교체,교체
교포,교포
교훈,교ː훈
구매,구매
구멍,구멍
구석,구석
구역,구역
구입,구입
구조,구ː조
국가,국까
국기,국끼
국립,궁닙
국물,궁물
국산,국싼
국어,구거
국외,구괴/구궤
국회,구쾨/구퀘
군대,군대
권리,궐리
귀국,귀ː국
규정,규정
극복,극뽁
근교,근ː교
근무,근ː무
근심,근심
근육,그뉵
금액,그맥
금연,그ː면
금융,금늉/그뮹
기계,기계/기게
기관,기관
기구,기구
기념,기념
기능,기능
기도,기도
기록,기록
기사,기사
기술,기술
기업,기업
기초,기초
기혼,기혼
기후,기후
긴팔,긴ː팔
길가,길까
껍질,껍찔
꽃잎,꼰닙
꾸중,꾸중
나물,나물
낙엽,나겹
난로,날ː로
난방,난방
남미,남미
남부,남부
남북,남북
낭비,낭ː비
내부,내ː부
냉동,냉ː동
냉방,냉ː방
노랑,노랑
노선,노ː선
녹음,노금
녹화,노콰
논리,놀리
논의,노늬/노니
논쟁,논쟁
농부,농부
눈가,눈까
눈길,눈낄
눈병,눈뼝
눈빛,눈삗
눈썹,눈썹
눈치,눈치
늦봄,늗뽐
다정,다정
다짐,다짐
다행,다행
단골,단골
단맛,단맏
단속,단속
단지,단지
단체,단체
달빛,달삗
담당,담당
담요,담ː뇨
담임,다밈
답변,답뼌
당근,당근
당황,당황
대가,대ː까
대기,대ː기
대낮,대ː낟
대량,대ː량
대로,대ː로
대리,대ː리
대문,대ː문
대변,대ː변
대사,대ː사
대사,대사
대접,대ː접
대중,대ː중
대책,대ː책
대출,대ː출
대형,대ː형
더위,더위
도구,도ː구
도난,도난
도둑,도둑
도마,도마
도서,도서
도심,도심
도장,도장
도전,도전
독감,독깜
독자,독짜
동기,동기
동기,동ː기
동료,동뇨
동부,동부
동양,동양
동요,동ː요
동창,동창
동포,동포
동화,동ː화
뒤편,뒤ː편
뒷문,뒨ː문
뒷산,뒤ː싼/뒫ː싼
듣기,듣끼
등기,등기
등록,등녹
등장,등장
땅속,땅쏙
땅콩,땅콩
뚜껑,뚜껑
마늘,마늘
마루,마루
막차,막차
만남,만남
만원,마눤
만점,만쩜
만족,만족
말기,말기
말투,말ː투
매장,매ː장
매점,매ː점
매진,매ː진
매체,매체
맨발,맨발
먼지,먼지
멀미,멀미
면도,면ː도
면적,면ː적
면접,면ː접
면허,면ː허
멸치,멸치
명령,명ː녕
명함,명함
모래,모래
모자,모ː자
모집,모집
모험,모ː험
목사,목싸
몸매,몸매
몸살,몸살
몸속,몸쏙
묘사,묘ː사
무늬,무니
무대,무ː대
무역,무ː역
무용,무ː용
문명,문명
문법,문뻡
문병,문ː병
문서,문서
문의,무ː늬/무ː니
문자,문짜
문장,문장
문학,문학
물가,물까
물감,물깜
물기,물끼
물약,물략
물음,무름
미련,미ː련
미소,미소
미술,미ː술
미움,미움
미인,미ː인
미혼,미ː혼
믿음,미듬
바늘,바늘
바둑,바둑
바위,바위
바퀴,바퀴
박사,박싸
반값,반ː갑/반ː깝
반납,반ː납
반달,반ː달
반말,반ː말
반복,반ː복
반장,반장
반죽,반죽
반팔,반ː팔
반품,반ː품
발급,발급
발등,발뜽
발목,발목
발음,바름
발톱,발톱
발표,발표
발행,발행
밤색,밤ː색
밥맛,밤맏
밥솥,밥쏟
배구,배구
배꼽,배꼽
배낭,배ː낭
배송,배ː송
배웅,배웅
배편,배편
뱃속,배쏙/밷쏙
버섯,버섣
번개,번개
번역,버녁
범위,버ː뮈
법률,범뉼
법원,버붠
법적,법쩍
베개,베개
벽지,벽찌
변명,변ː명
변비,변비
별명,별명
병실,병ː실
보고,보ː고
보기,보기
보도,보ː도
보람,보람
보리,보리
보물,보ː물
보석,보ː석
보수,보ː수
보안,보ː안
보전,보ː전
보존,보ː존
보험,보ː험
복도,복또
복사,복싸
복수,복쑤
복용,보굥
복통,복통
볶음,보끔
본능,본능
본래,볼래
본부,본부
본인,보닌
볼일,볼ː릴
봉지,봉지
부근,부ː근
부담,부ː담
부상,부ː상
부서,부서
부위,부위
부자,부자
부정,부정
부처,부처
부품,부품
북미,붕미
북부,북뿌
분노,분ː노
분단,분단
분실,분실
분포,분포
분필,분필
불교,불교
불만,불만
불쾌,불쾌
불평,불평
비결,비ː결
비난,비ː난
비만,비ː만
비법,비ː뻡
비용,비ː용
비유,비ː유
비판,비ː판
비행,비행
빗물,빈물
빛깔,빋깔
빨강,빨강
사건,사ː껀
사과,사ː과
사기,사기
사내,사내
사냥,사냥
사립,사립
사막,사막
사망,사ː망
사무,사ː무
사방,사ː방
사적,사쩍
사표,사표
삭제,삭쩨
산길,산낄
산불,산뿔
산속,산쏙
산업,사ː넙
살림,살림
살인,사린
상가,상가
상담,상담
상대,상대
상류,상ː뉴
상사,상ː사
상업,상업
상영,상ː영
상점,상점
상태,상태
새우,새우
새집,새집
생기,생기
서부,서부
선약,서냑
선호,선ː호
설득,설뜩
설립,설립
설사,설싸
설치,설치
섭씨,섭씨
성과,성꽈
성당,성ː당
성명,성ː명
성별,성ː별
성숙,성숙
성실,성실
세대,세ː대
세로,세ː로
세제,세ː제
소감,소ː감
소녀,소ː녀
소년,소ː년
소독,소독
소득,소ː득
소매,소매
소변,소ː변
소비,소비
소형,소ː형
소화,소화
속담,속땀
손끝,손끋
손등,손뜽
손목,손목
손발,손발
손자,손자
손질,손질
손톱,손톱
손해,손ː해
솜씨,솜씨
송이,송이
수다,수ː다
수도,수도
수리,수리
수면,수면
수선,수선
수속,수속
수입,수입
수집,수집
수출,수출
수표,수표
수학,수ː학
수행,수행
숙녀,숭녀
숙박,숙빡
숙소,숙쏘
순간,순간
순위,수ː뉘
순진,순진
술잔,술짠
스님,스님
습기,습끼
습도,습또
승객,승객
승낙,승낙
승리,승니
승진,승진
승차,승차
승패,승패
시각,시각
시댁,시댁
시력,시ː력
시선,시선
시설,시ː설
시외,시ː외/시ː웨
시중,시ː중
시집,시집
시청,시ː청
시합,시합
시행,시ː행
식기,식끼
식량,싱냥
식물,싱물
식비,식삐
식욕,시굑
식후,시쿠
신경,신경
신고,신고
신맛,신맏
신분,신분
신사,신ː사
신앙,시ː낭
신입,시닙
신중,신ː중
신체,신체
신혼,신혼
신화,신화
실감,실감
실내,실래
실력,실력
실망,실망
실습,실씁
실업,시럽
실장,실짱
실종,실쫑
실험,실험
싫증,실쯩
심리,심니
심사,심사
심장,심장
심정,심정
싸움,싸움
싼값,싼갑
쓰기,쓰기
쓴맛,쓴맏
씨름,씨름
아가,아가
아동,아동
아픔,아픔
악수,악쑤
악취,악취
악화,아콰
안과,안ː꽈
안방,안빵
안부,안부
안색,안색
안약,아ː냑
안주,안주
암기,암ː기
앞길,압낄
앞집,압찝
애정,애ː정
액자,액짜
야경,야ː경
야근,야ː근
야단,야ː단
야외,야ː외/야ː웨
약도,약또
약품,약품
약혼,야콘
얌전,얌전
양국,양ː국
양념,양념
양력,양녁
양보,양ː보
양산,양산
양심,양심
양파,양파
어둠,어둠
어휘,어ː휘
억양,어걍
언급,언급
언덕,언덕
언론,얼론
얼룩,얼룩
엄격,엄껵
업계,업꼐/업께
업무,엄무
업적,업쩍
업체,업체
엉망,엉망
여가,여가
여고,여고
여관,여관
여유,여유
여인,여인
역할,여칼
연간,연간
연고,연ː고
연구,연ː구
연기,연기
연기,연ː기
연령,열령
연봉,연봉
연애,여ː내
연인,여ː닌
연주,연ː주
연체,연체
연출,연ː출
연탄,연ː탄
열정,열쩡
염색,염ː색
영상,영상
영양,영양
영업,영업
영웅,영웅
예보,예ː보
예선,예ː선
예의,예의/예이
예절,예절
오리,오ː리
오해,오ː해
온몸,온ː몸
왕복,왕ː복
외과,외ː꽈/웨ː꽈
외교,외ː교/웨ː교
외모,외ː모/웨ː모
외식,외ː식/웨ː식
왼발,왼ː발/웬ː발
왼편,왼ː편/웬ː편
요청,요청
욕망,용망
욕실,욕씰
욕심,욕씸
용건,용ː껀
용기,용ː기
용서,용서
용어,용ː어
우물,우물
우승,우승
우울,우울
우정,우ː정
우측,우ː측
우편,우편
운명,운ː명
운반,운ː반
운영,우ː녕
운행,운ː행
월세,월쎄
위로,위로
위반,위반
위층,위층
유교,유교
유료,유ː료
유물,유물
유적,유적
유통,유통
육지,육찌
육체,육체
은혜,은혜/은헤
음력,음녁
음반,음반
음주,음ː주
응시,응ː시
응원,응ː원
의견,의ː견
의논,의논
의류,의류
의복,의복
의상,의상
의식,의ː식
의식,의식
의심,의심
의욕,의ː욕
이동,이동
이발,이ː발
이별,이ː별
이성,이ː성
이혼,이ː혼
인격,인껵
인도,인도
인력,일력
인물,인물
인상,인상
인쇄,인쇄
인심,인심
인연,이년
인정,인정
인체,인체
일대,일때
일등,일뜽
일손,일ː쏜
일어,이러
일정,일쩡
일출,일출
일행,일행
읽기,일끼
임무,임ː무
임시,임시
임신,임ː신
입국,입꾹
입금,입끔
입대,입때
입맛,임맏
입사,입싸
입시,입씨
입장,입짱
자격,자격
자극,자ː극
자녀,자녀
자막,자막
자매,자매
자본,자본
자살,자살
자원,자원
작가,작까
작곡,작꼭
작문,장문
작성,작썽
작업,자겁
작품,작품
잔돈,잔돈
잠옷,자몯
장가,장ː가
장관,장ː관
장난,장난
장남,장ː남
장래,장내
장면,장면
장모,장ː모
장사,장사
장수,장수
장식,장식
장인,장ː인
장점,장쩜
재능,재능
재주,재주
재학,재ː학
저급,저ː급
저울,저울
저장,저ː장
적극,적끅
적성,적썽
적응,저긍
전국,전국
전망,전ː망
전설,전설
전세,전세
전시,전ː시
전원,저ː눤
전통,전통
절망,절망
젊음,절믐
점원,저ː뭔
접속,접쏙
접촉,접촉
정답,정ː답
정면,정ː면
정부,정부
정성,정성
정장,정ː장
정책,정책
제거,제거
제도,제ː도
제사,제ː사
제자,제ː자
제출,제출
제품,제ː품
조리,조리
조림,조림
조명,조ː명
조상,조상
조언,조ː언
조작,조ː작
존경,존경
존중,존중
졸음,조ː름
종교,종교
좌석,좌ː석
좌우,좌ː우
좌측,좌ː측
주름,주름
주먹,주먹
주방,주방
주택,주ː택
죽음,주금
중고,중고
중급,중급
중단,중단
중독,중독
중부,중부
중식,중식
증거,증거
증명,증명
증상,증상
증세,증세
지능,지능
지불,지불
지붕,지붕
지역,지역
지옥,지옥
지원,지원
지위,지위
지진,지진
지폐,지폐/지페
지혜,지혜/지헤
직진,직찐
진단,진ː단
진로,질ː로
진술,진ː술
진심,진심
진찰,진ː찰
진학,진ː학
진행,진ː행
질병,질병
질서,질써
질투,질투
집세,집쎄
집안,지반
짠맛,짠맏
차도,차도
차량,차량
차로,차로
차비,차비
차선,차선
착각,착깍
참가,참가
참석,참석
참여,차며
창가,창까
창고,창고
창구,창구
창밖,창박
창작,창ː작
창조,창ː조
창피,창피
책임,채김
처방,처ː방
천국,천국
천둥,천둥
천장,천장
철도,철또
첫눈,천눈
청혼,청혼
체력,체력
체면,체면
체온,체온
체중,체중
초급,초급
초기,초기
초록,초록
초봄,초봄
초조,초조
초청,초청
총리,총ː니
촬영,촤령
추위,추위
추천,추천
축제,축쩨
출국,출국
출산,출싼
출연,추련
출판,출판
충격,충격
충고,충고
충돌,충돌
취업,취ː업
취재,취ː재
친딸,친딸
친정,친정
코피,코피
큰길,큰길
큰딸,큰딸
큰일,크닐
큰집,큰집
타인,타인
탄생,탄ː생
탈출,탈출
탑승,탑씅
태양,태양
통신,통신
통역,통역
통증,통ː쯩
통행,통행
퇴직,퇴ː직/퉤ː직
특기,특끼
파괴,파ː괴/파ː궤
파도,파도
파랑,파랑
판매,판매
판사,판사
편견,편견
편식,편식
평균,평균
폭력,퐁녁
폭발,폭빨
폭설,폭썰
폭우,포구
폭포,폭포
표정,표정
품질,품ː질
풍속,풍속
풍습,풍습
피로,피로
피부,피부
피서,피ː서
피해,피ː해
필기,필기
핑계,핑계/핑게
하숙,하ː숙
하양,하양
하차,하ː차
하품,하품
학과,학꽈
학력,항녁
학문,항문
학비,학삐
학습,학씁
학자,학짜
한자,한ː짜
한쪽,한쪽
할부,할부
합격,합껵
항의,항ː의/항ː이
해결,해ː결
해물,해ː물
해변,해ː변
해석,해ː석
해소,해ː소
해안,해ː안
햇볕,해뼏/핻뼏
햇살,해쌀/핻쌀
행정,행정
향수,향수
현관,현관
현장,현ː장
협력,혐녁
협조,협쪼
형님,형님
호감,호ː감
호두,호두
호박,호ː박
호실,호ː실
호흡,호흡
홍보,홍보
홍수,홍수
화면,화ː면
화분,화분
화장,화장
화재,화ː재
화해,화해
확산,확싼
환경,환경
환불,환불
활기,활기
회복,회복/훼복
회비,회ː비/훼ː비
회식,회ː식/훼ː식
효도,효ː도
효자,효ː자
후식,후ː식
후추,후추
후회,후ː회/후ː훼
훈련,훌ː련
휴식,휴식
휴학,휴학
흑백,흑빽
흥미,흥ː미
흥분,흥분
가계,가계/가게
가곡,가곡
가공,가공
가담,가담
가동,가동
가면,가ː면
가문,가문
가상,가ː상
가설,가ː설
가시,가시
가열,가열
가옥,가옥
가책,가ː책
가출,가출
가훈,가훈
각광,각꽝
각도,각또
각본,각뽄
각지,각찌
간부,간부
간접,간ː접
간첩,간ː첩
갈대,갈때
갈망,갈망
감격,감ː격
감금,감금
감량,감ː냥
감면,감ː면
감명,감ː명
감사,감사
감상,감ː상
감성,감ː성
감염,가ː몀
감원,가ː뭔
감촉,감ː촉
감축,감ː축
감탄,감ː탄
감회,감ː회/감ː훼
강간,강ː간
강국,강국
강당,강ː당
강산,강산
강세,강세
강압,강ː압
강연,강ː연
강점,강쩜
강좌,강ː좌
강풍,강풍
강행,강ː행
강화,강화
개강,개강
개관,개관
개량,개ː량
개막,개막
개봉,개봉
개설,개설
개업,개업
개요,개ː요
개입,개ː입
개작,개ː작
개정,개ː정
개조,개ː조
개척,개척
개편,개ː편
개표,개표
객석,객썩
객실,객씰
객지,객찌
거금,거ː금
거동,거ː동
거론,거ː론
거만,거ː만
거부,거ː부
거액,거ː액
거주,거주
거처,거처
건국,건ː국
건기,건기
건립,걸ː립
건성,건성
건수,건쑤
건의,거ː늬 /거ː니
건전,건ː전
걸작,걸짝
검거,검ː거
검문,검ː문
검소,검ː소
검증,검ː증
검진,검ː진
검찰,검ː찰
게재,게ː재
겨냥,겨ː냥
격리,경니
격언,겨건
격차,격차
견과,견과
견문,견ː문
견본,견ː본
결말,결말
결별,결별
결산,결싼
결선,결썬
결의,겨릐/겨리
결재,결째
결핍,결핍
결함,결함
겸허,겸허
경관,경관
경련,경년
경매,경ː매
경멸,경멸
경보,경ː보
경비,경ː비
경사,경사
경시,경시
경악,경악
경연,경ː연
경위,경위
경유,경유
경전,경전
경주,경ː주
경직,경직
경청,경청
경품,경ː품
경호,경ː호
계급,계급/게급
계승,계ː승/게ː승
계열,계ː열/게ː열
고가,고까
고갈,고갈
고난,고난
고도,고도
고려,고려
고령,고령
고립,고립
고발,고ː발
고비,고비
고소,고ː소
고아,고아
고온,고온
고용,고용
고원,고원
고위,고위
고인,고ː인
고찰,고찰
고체,고체
곡물,공물
곡선,곡썬
곤경,곤ː경
곤궁,곤ː궁
곤충,곤충
골치,골치
공경,공경
공고,공고
공군,공군
공로,공노
공룡,공ː뇽
공립,공닙
공모,공모
공문,공문
공약,공약
공예,공예
공유,공ː유
공익,공익
공적,공적
공정,공정
공존,공ː존
공중,공중
공직,공직
공터,공터
공포,공포
공학,공학
과녁,과ː녁
과다,과ː다
과민,과ː민
과부,과ː부
과열,과ː열
과음,과ː음
관념,관념
관례,괄례
관료,괄료
관리,괄리
관세,관세
관습,관습
관용,과뇽
관절,관절
관중,관중
관직,관직
관청,관청
관측,관측
관행,관행
광복,광복
광부,광ː부
광업,광ː업
광장,광ː장
교감,교감
교과,교ː과/교ː꽈
교섭,교섭
교원,교ː원
교정,교ː정
교제,교제
교직,교ː직
구걸,구걸
구기,구기
구독,구독
구박,구박
구비,구비
구사,구사
구상,구상
구슬,구슬
구애,구애
구어,구ː어
구원,구ː원
구인,구인
구절,구절
구제,구ː제
구직,구직
구청,구청
구출,구ː출
구토,구토
구형,구형
구호,구ː호
국경,국꼉
국고,국꼬
국군,국꾼
국력,궁녁
국방,국빵
국보,국뽀
국비,국삐
국악,구각
국왕,구광
국익,구긱
국정,국쩡
국토,국토
군밤,군ː밤
군사,군사
군중,군중
굴뚝,굴ː뚝
궁궐,궁궐
궁중,궁중
권익,궈닉
권장,권ː장
권태,권ː태
권투,권ː투
권한,권한
궤도,궤ː도
귀감,귀감
귀족,귀ː족
귀천,귀ː천
규범,규범
규율,규율
규제,규제
근력,글력
근로,글ː로
근면,근ː면
근원,그눤
금기,금ː기
금리,금니
금속,금속
금전,금전
급등,급뜽
급락,금낙
급류,금뉴
급변,급뼌
급성,급썽
급식,급씩
급여,그벼
긍정,긍ː정
긍지,긍ː지
기금,기금
기기,기기
기력,기력
기립,기립
기만,기만
기말,기말
기법,기뻡
기상,기상
기습,기습
기아,기아
기압,기압
기원,기원
기일,기일
기절,기절
기질,기질
기체,기체
기피,기피
기한,기한
기행,기행
기호,기호
김장,김장
까치,까ː치
깡통,깡통
꼬마,꼬마
꼴찌,꼴찌
끈기,끈기
끼니,끼니
낙관,낙꽌
낙방,낙빵
낙심,낙씸
낙원,나권
낙제,낙쩨
낙태,낙태
낙후,나쿠
난간,난간
난청,난청
난폭,난ː폭
남극,남극
남색,남색
남용,나ː묭
남한,남한
남향,남향
납부,납뿌
납치,납치
낭독,낭ː독
낭만,낭ː만
낭송,낭ː송
낭패,낭ː패
낱말,난ː말
내기,내ː기
내륙,내ː륙
내막,내ː막
내면,내ː면
내복,내ː복
내심,내ː심
내역,내ː역
내장,내ː장
냇가,내ː까/낻ː까
냉대,냉ː대
냉전,냉ː전
냉정,냉ː정
너비,너비
노년,노ː년
노령,노ː령
노릇,노륻
노사,노사
노예,노예
노을,노을
노화,노ː화
노후,노ː후
녹지,녹찌
논란,놀란
논문,논문
논밭,논받
논술,논술
논증,논증
논평,논평
농가,농가
농경,농경
농도,농도
농악,농악
농장,농장
뇌물,뇌물/눼물
뇌사,뇌사/눼사
누이,누이
누전,누ː전
누출,누ː출
눈발,눈ː빨
능률,능뉼
다량,다량
단가,단까
단결,단결
단군,단군
단념,단ː념
단돈,단돈
단락,달락
단련,달련
단서,단서
단합,단합
담보,담보
담장,담장
답사,답싸
당구,당구
당국,당국
당락,당낙
당면,당면
당부,당부
당선,당선
당혹,당혹
대결,대ː결
대금,대ː금
대꾸,대ː꾸
대담,대ː담
대등,대ː등
대륙,대ː륙
대목,대목
대박,대ː박
대본,대본
대북,대ː북
대상,대ː상
대안,대ː안
대양,대ː양
대여,대ː여
대우,대ː우
대인,대ː인
대장,대ː장
대추,대ː추
대피,대ː피
대항,대ː항
댓글,대끌/댇끌
덕목,덩목
덩치,덩치
도달,도ː달
도덕,도ː덕
도리,도ː리
도립,도ː립
도매,도매
도박,도박
도약,도약
도태,도태
도표,도표
도피,도피
독방,독빵
독사,독싸
독성,독썽
독신,독씬
독재,독째
독점,독쩜
돌파,돌파
동감,동감
동거,동거
동경,동ː경
동굴,동ː굴
동등,동등
동력,동ː녁
동맥,동ː맥
동문,동문
동반,동반
동사,동ː사
동상,동상
동성,동성
동정,동정
동행,동행
동향,동향
동화,동화
득점,득쩜
들판,들ː판
등골,등꼴
등교,등교
등반,등반
또래,또래
마감,마감
마비,마비
마취,마취
막강,막깡
만병,만ː병
만세,만ː세
맏이,마지
맏형,마텽
말끝,말ː끋
말단,말딴
말문,말ː문
말썽,말ː썽
망신,망신
망치,망치
매매,매매
매연,매연
매입,매ː입
매장,매장
매출,매ː출
맥락,맹낙
맥박,맥빡
면역,며ː녁
멸망,멸망
멸종,멸쫑
명랑,명낭
명문,명문
명복,명복
명사,명사
명상,명상
명소,명소
명중,명ː중
명칭,명칭
명품,명품
모발,모발
모방,모방
모순,모순
모욕,모ː욕
모음,모ː음
모친,모ː친
모형,모형
목격,목껵
목돈,목똔
목장,목짱
목재,목째
몰락,몰락
몰입,모립
몸집,몸찝
묘미,묘ː미
묘지,묘ː지
무력,무ː력
무례,무례
무상,무상
무술,무ː술
무식,무식
무언,무언
무인,무인
무형,무형
묵념,뭉념
문과,문꽈
문구,문꾸
문단,문단
문상,문ː상
문어,무너 
문항,문ː항
문헌,문헌
문형,문형
물량,물량
물리,물리
물자,물짜
물체,물체
물품,물품
미각,미각
미남,미ː남
미녀,미ː녀
미덕,미ː덕
미모,미ː모
미아,미아
미역,미역
미용,미ː용
미적,미쩍
미지,미ː지
민간,민간
민박,민박
민속,민속
민요,미뇨
민주,민주
밀림,밀림
밑창,믿창
박자,박짜
박탈,박탈
반감,반ː감
반도,반ː도
반론,발ː론
반목,반ː목
반문,반ː문
반박,반ː박
반주,반ː주
반칙,반ː칙
반항,반ː항
발각,발각
발굴,발굴
발단,발딴
발령,발령
발병,발병
발상,발쌍
발언,바런
발전,발쩐
발효,발효
밧줄,바쭐/받쭐
방귀,방ː귀
방범,방범
방수,방수
방어,방어
방언,방언
방영,방ː영
방음,방음
방치,방ː치
방침,방침
방황,방황
배상,배상
배설,배설
배신,배ː신
배역,배ː역
배제,배제
배출,배출
배출,배ː출
배포,배ː포
배후,배ː후
백미,뱅미
백성,백썽
백수,백쑤
백제,백쩨
번성,번성
번창,번창
벌판,벌판
범행,범ː행
법규,법뀨
법안,버반
법정,법쩡
벚꽃,벋꼳
벼락,벼락
벽돌,벽똘
벽화,벼콰
변기,변기
변덕,변ː덕
변수,변ː수
변천,변ː천
변호,변ː호
병동,병ː동
병명,병ː명
병상,병ː상
병세,병ː세
병행,병ː행
보건,보ː건
보배,보ː배
보복,보ː복
보상,보ː상
보약,보ː약
보육,보ː육
보증,보증
복구,복꾸
복권,복꿘
복리,봉니
복부,복뿌
복원,보권
복장,복짱
복제,복쩨
복종,복쫑
복지,복찌
복학,보칵
본론,볼론
본명,본명
본문,본문
본사,본사
본선,본선
본성,본성
본전,본전
부고,부ː고
부과,부ː과
부당,부당
부도,부도
부사,부ː사
부실,부실
부양,부양
부응,부ː응
부인,부ː인
부임,부ː임
부진,부진
부축,부ː축
부패,부ː패
부피,부피
부하,부하
부활,부ː활
북극,북끅
북한,부칸
북향,부컁
분기,분기
분담,분담
분배,분배
분산,분산
분열,부녈
분유,부뉴
분쟁,분쟁
분출,분ː출
분해,분해
불경,불경
불길,불낄
불량,불량
불명,불명
불상,불쌍
불신,불씬
불우,부루
불의,부릐/부리
불참,불참
불화,불화
불황,불황
붕괴,붕괴/붕궤
붕대,붕대
비관,비ː관
비료,비ː료
비리,비ː리
비방,비방
비서,비ː서
비염,비ː염
비평,비ː평
비품,비ː품
빈곤,빈곤
빈도,빈도
빈민,빈민
빈부,빈부
빈소,빈소
빈칸,빈ː칸
빈혈,빈혈
빙산,빙산
빙수,빙수
빙하,빙하
사격,사격
사고,사고
사교,사교
사극,사ː극
사기,사ː기
사리,사ː리
사법,사법
사복,사복
사상,사ː상
사슴,사슴
사원,사원
사유,사ː유
사치,사치
사퇴,사퇴/사퉤
사형,사ː형
사회,사회/사훼
사후,사ː후
산간,산간
산골,산꼴
산림,살림
산맥,산맥
산모,산ː모
산성,산성
산소,산소
산하,산하
살균,살균
살해,살해
상봉,상봉
상속,상속
상심,상심
상여,상여
상용,상용
상위,상ː위
상의,상의/상이
상인,상인
상장,상짱
상주,상주
상체,상ː체
상표,상표
새댁,새댁
새싹,새싹
색상,색쌍
색채,색채
샘물,샘ː물
생계,생계/생게
생물,생물
생사,생사
생성,생성
생수,생수
생애,생애
생전,생전
생태,생태
서구,서구
서두,서ː두
서론,서ː론
서민,서ː민
서술,서ː술
서신,서신
서열,서ː열
서예,서예
서재,서재
서평,서평
서향,서향
석사,석싸
석탄,석탄
선고,선고
선교,선교
선두,선두
선반,선반
선발,선ː발
선불,선불
선비,선비
선언,서넌
선의,서ː늬/서ː니
선조,선조
선출,선ː출
선행,선행
선행,선ː행
설계,설계/설게
설교,설교
설비,설비
설움,서ː룸
섬유,서뮤
섭리,섬니
섭외,서뵈/서붸
섭취,섭취
성경,성ː경
성금,성금
성냥,성냥
성년,성년
성능,성ː능
성대,성대
성묘,성묘
성분,성분
성비,성ː비
성사,성사
성인,성ː인
성품,성ː품
성향,성ː향
성형,성형
세관,세ː관
세균,세ː균
세태,세ː태
세포,세ː포
소동,소동
소량,소ː량
소름,소ː름
소매,소ː매
소멸,소멸
소모,소모
소속,소ː속
소송,소송
소식,소ː식
소신,소ː신
소실,소실
소아,소ː아
소양,소양
소인,소ː인
소장,소ː장
소질,소질
소통,소통
속력,송녁
속어,소거
손맛,손맏
손실,손ː실
손짓,손찓
송금,송ː금
송년,송ː년
쇠퇴,쇠퇴/쉐퉤
수강,수강
수녀,수녀
수당,수당
수록,수록
수료,수료
수립,수립
수목,수목
수발,수발
수분,수분
수비,수비
수산,수산
수상,수상
수색,수색
수석,수석
수염,수염
수완,수완
수익,수익
수지,수지
수질,수질
수컷,수컫
수필,수필
수학,수학
수해,수해
수험,수험
수혈,수혈
수확,수확
숙맥,숭맥
숙면,숭면
순대,순대
순환,순환
숭늉,숭늉
숭배,숭배
스승,스승
습득,습뜩
습성,습썽
승려,승녀
승마,승마
승부,승부
승자,승자
시각,시ː각
시련,시ː련
시름,시름
시립,시ː립
시범,시ː범
시사,시사
시신,시ː신
시인,시ː인
시적,시쩍
시체,시ː체
식단,식딴
식성,식썽
식수,식쑤
식용,시굥
신곡,신곡
신라,실라
신명,신명
신물,신물
신설,신설
신세,신세
신음,시늠
신의,시ː늬/시ː니
신인,시닌
신임,시ː님
신임,시님
신자,신ː자
신장,신장
신하,신하
신형,신형
실무,실무
실상,실쌍 
실외,시뢰/시뤠
실용,시룡
실적,실쩍
실직,실찍
실태,실태
실행,실행
실화,실화
심경,심경
심성,심성
심신,심신
심야,시ː먀
심의,시ː믜/시ː미
쌍방,쌍방
썰매,썰매
썰물,썰물
아비,아비
악마,앙마
악성,악썽
악역,아격
악용,아굥
안건,안ː껀
안달,안달
안도,안도
안락,알락
안목,안ː목
알뜰,알뜰
알선,알썬
암벽,암벽
암시,암ː시
암컷,암컫
암호,암ː호
압축,압축
애착,애ː착
애칭,애ː칭
액체,액체
야광,야ː광
야당,야ː당
야생,야ː생
야영,야ː영
약물,양물
약세,약쎄
약자,약짜
약탈,약탈
약효,야쿄
얌체,얌체
양가,양ː가
양반,양ː반
양상,양상
양성,양ː성
양육,양ː육
양질,양질
양초,양초
양측,양ː측
양치,양치
양해,양해
어간,어ː간
어미,어ː미
어민,어민
어순,어ː순
어업,어업
어원,어ː원
어조,어ː조
어투,어ː투
어학,어ː학
억수,억쑤
억압,어갑
억제,억쩨
언행,언행
엄살,엄살
업소,업쏘
업자,업짜
업종,업쫑
여당,여ː당
여론,여ː론
여류,여류
여사,여사
여야,여ː야
여파,여파
역대,역때
역도,역또
역량,영냥
연대,연대
연료,열료
연비,연비
연수,연ː수
연예,여ː녜
연일,여닐
연재,연재
연하,연하
열거,열거
열광,열광
열대,열때
열량,열량
열망,열망
열성,열썽
열의,여릐/여리
염려,염ː녀
염원,여ː뭔
염증,염쯩
영광,영광
영리,영니
영문,영문
영입,영입
영장,영짱
영재,영재
영토,영토
예년,예ː년
예능,예ː능
예문,예ː문
예물,예물
예배,예배
예전,예ː전
오기,오ː기
오류,오ː류
오줌,오줌
옥상,옥쌍
온대,온대
온돌,온돌
온수,온수
옷감,옫깜
옷깃,옫낃
완공,완공
완주,완주
완치,완치
완쾌,완쾌
왕궁,왕궁
왕권,왕꿘
왕따,왕따
왕위,왕위
왕자,왕자
왕조,왕조
왜곡,왜곡
외래,외ː래/웨ː래
외무,외ː무/웨ː무
외신,외ː신/웨ː신
외제,외ː제/웨ː제
외화,외ː화/웨ː화
외환,외ː환/웨ː환
요양,요양
요점,요쩜
욕구,욕꾸
욕설,욕썰
용기,용기
용량,용냥
용례,용ː녜
용모,용모
용법,용ː뻡
용지,용ː지
우기,우ː기
우뇌,우ː뇌/우ː눼
우대,우대
우량,우량
우성,우성
우세,우세
우월,우월
우파,우ː파
운송,운ː송
운용,우ː뇽
원가,원까
원고,원고
원금,원금
원료,월료
원망,원ː망
원본,원본
원시,원시
원유,워뉴
원작,원작
원장,원장
원조,원ː조
원형,원형
원화,원화
원활,원활
월간,월간
월차,월차
위법,위법
위생,위생
위성,위성
위안,위안
위암,위암
위염,위염
위조,위조
유가,유까
유감,유감
유골,유골
유도,유도
유동,유동
유래,유래
유례,유ː례
유사,유ː사
유세,유ː세
유아,유아
유전,유전
유출,유출
유포,유포
유해,유ː해
유효,유ː효
유희,유히
육류,융뉴
육상,육쌍
육식,육씩
육아,유가
윤리,율리
율동,율똥
융합,융합
은사,은사
은퇴,은퇴/은퉤
음질,음질
음치,음치
음향,음향
응급,응ː급
응모,응ː모
의과,의꽈
의료,의료
의술,의술
의원,의원
의학,의학
의혹,의혹
의회,의회/의훼
이득,이ː득
이력,이ː력
이상,이ː상
이슬,이슬
이식,이식
이윤,이ː윤
이의,이ː의/이ː이
이주,이주
이직,이직
이행,이ː행
익명,잉명
인권,인꿘
인근,인근
인내,인내
인명,인명
인색,인색
인성,인성
인종,인종
인출,인출
인파,인파
일감,일ː깜
일과,일과
일념,일렴
일련,일련
일류,일류
일몰,일몰
일주,일쭈
일탈,일탈
일터,일ː터
일화,일화
임기,임ː기
임대,임ː대
임명,임ː명
임업,이멉
임용,이ː묭
임원,이ː뭔
임종,임종
입증,입쯩
잇몸,인몸
자가,자가
자각,자각
자갈,자갈
자국,자국
자금,자금
자립,자립
자만,자만
자모,자모
자백,자백
자산,자산
자선,자선
자손,자손
자수,자수
자아,자아
자율,자율
자음,자음
자재,자재
자질,자질
자취,자취
자치,자치
자태,자태
잔고,잔고
잡초,잡초
잡화,자퐈
장군,장군
장기,장기
장려,장ː녀
장례,장ː녜
장인,장인
장치,장치
재난,재난
재무,재무
재물,재물
재배,재ː배
재벌,재벌
재앙,재앙
재정,재정
재직,재ː직
재질,재질
재해,재해
재현,재ː현
재혼,재ː혼
재활,재ː활
쟁점,쟁쩜
저가,저ː까
저승,저승
저항,저ː항
적금,적끔
적대,적때
적도,적또
적립,정닙
적발,적빨
전구,전ː구
전기,전기
전년,전년
전담,전담
전동,전ː동
전등,전ː등
전래,절래
전략,절ː략
전력,절ː력
전반,전반
전송,전ː송
전신,전신
전액,저낵
전업,저넙
전염,저념
전율,저ː뉼
전직,전직
전투,전ː투
전학,전ː학
전환,전ː환
절감,절감
절벽,절벽
절전,절쩐
점령,점녕
점포,점ː포
접대,접때
접전,접쩐
접종,접쫑
정감,정감
정권,정꿘
정년,정년
정밀,정밀
정복,정복
정비,정ː비
정상,정상
정서,정서
정열,정녈
정월,정월
정의,정ː의/정ː이
정전,정전
정화,정화
제값,제갑
제과,제ː과
제대,제대
제비,제ː비
제약,제ː약
제의,제의/제이
제정,제ː정
제조,제ː조
제패,제ː패 
조각,조각
조개,조개
조국,조국
조립,조립
조문,조ː문
조사,조ː사
조세,조세
조연,조ː연
조의,조ː의/조ː이
조직,조직
조퇴,조ː퇴/조ː퉤
종목,종ː목
좌뇌,좌ː뇌/좌ː눼
좌절,좌ː절
좌파,좌ː파
죄인,죄ː인/줴ː인
주가,주까
주거,주ː거
주권,주꿘
주례,주례
주류,주류
주범,주범
주식,주식
주어,주어
주역,주역
주연,주연
주의,주의/주이
주전,주전
주체,주체
주최,주최/주췌
준수,준ː수
중개,중개
중계,중계/중게
중대,중ː대
중력,중ː녁
중립,중닙
중매,중매
중병,중ː병
중상,중ː상
중성,중성
중세,중세
중소,중소
중시,중ː시
중점,중ː쩜
중증,중ː쯩
증권,증꿘
증대,증대
증발,증발
증오,증오
지대,지대
지름,지름
지리,지리
지망,지망
지면,지면
지명,지명
지문,지문
지사,지사
지상,지상
지수,지수
지인,지인
지점,지점
지형,지형
지휘,지휘
직무,징무
직속,직쏙
직위,지귀
직종,직쫑
진급,진ː급
진땀,진땀
진료,질ː료
진보,진ː보
진상,진상
진열,지ː녈
진영,지녕
진정,진정
진정,진ː정
진지,진ː지
진화,진ː화
진흙,진흑
진흥,진ː흥
질량,질량
질환,질환
집값,집깝
집집,집찝
집착,집착
집필,집필
집회,지푀/지풰
징역,징역
차단,차ː단
차례,차례
차림,차림
차장,차장
착용,차굥
찬반,찬ː반
찬사,찬ː사
참견,참견
참맛,참맏
참배,참배
참새,참새
참치,참치
찹쌀,찹쌀
창업,창ː업
창출,창ː출
채식,채ː식
채용,채ː용
책자,책짜
처가,처가
처마,처마
척추,척추
천막,천막
천연,처년
철강,철강
철새,철쌔
철학,철학
첨가,첨가
첨단,첨단
청구,청구
청색,청색
청자,청자
청중,청중
체감,체감
체격,체격
체내,체내
체념,체념
체류,체류
체벌,체벌
체육,체육
체제,체제
체질,체질
체포,체포
체형,체형
초등,초등
초래,초래
초상,초상
초원,초원
촉각,촉깍
촉진,촉찐
총각,총ː각
총액,총ː액
총장,총ː장
추구,추구
추락,추락
추모,추모
추세,추세
추수,추수
추적,추적
축복,축뽁
출간,출간
출금,출금
출마,출마
출생,출쌩
출세,출쎄
출시,출씨
출제,출쩨
출혈,출혈
충동,충동
충전,충전
충족,충족
충치,충치
충혈,충혈
취득,취ː득
취사,취ː사
취임,취ː임
취학,취ː학
측정,측쩡
치매,치매
치아,치아
치안,치안
치욕,치욕
치유,치유
치통,치통
친교,친교
친밀,친밀
친분,친분
친족,친족
친지,친지
친화,친화
침략,침냑
침수,침수
침입,치ː밉
침착,침착
침체,침체
침해,침ː해
콧날,콘날
콧등,코뜽/콛뜽
쾌감,쾌감
쾌락,쾌락
큰절,큰절
타협,타ː협
탄식,탄ː식
탄압,타ː납
탈락,탈락
탈춤,탈ː춤
탈퇴,탈퇴/탈퉤
탐구,탐구
탐색,탐색
탐험,탐험
태교,태교
태몽,태몽
태아,태아
터득,터ː득
터전,터전
털옷,터롣
토막,토막
토양,토양
토지,토지
통보,통보
통속,통속
통제,통ː제
통치,통ː치
통풍,통풍
통학,통학
퇴임,퇴ː임/퉤ː임
퇴장,퇴ː장/퉤ː장
투고,투고
투기,투기
투병,투병
투입,투입
투쟁,투쟁
투정,투정
트림,트ː림
특강,특깡
특권,특꿘
특집,특찝
특허,트커
티끌,티끌
파격,파ː격
파견,파견
파멸,파ː멸
파문,파문
파업,파ː업
판결,판결
판명,판명
판정,판정
판촉,판촉
패배,패ː배
패자,패ː자
팽창,팽창
편입,펴닙
편집,편집
평론,평ː논
평야,평야
평지,평지
폐렴,폐ː렴/페ː렴
폐수,폐ː수/페ː수
폐장,폐ː장/페ː장
폐해,폐ː해/페ː해
폐허,폐ː허/페ː허
포기,포기
포부,포ː부
포용,포ː용
폭격,폭껵
폭등,폭뜽
폭락,퐁낙
폭로,퐁노
폭식,폭씩
폭염,포겸
폭탄,폭탄
폭파,폭파
폭풍,폭풍
폭행,포캥
표기,표기
표류,표류
푸념,푸념
품목,품ː목
품종,품ː종
풍년,풍년
풍력,풍녁
풍요,풍요
풍자,풍자
피고,피ː고
피리,피리
피살,피ː살
피차,피ː차
필자,필짜
핏줄,피쭐/핃쭐
하객,하ː객
하교,하ː교
하락,하ː락
하류,하ː류
하위,하ː위
하인,하ː인
하천,하천
하체,하ː체
하향,하ː향
학계,학꼐/학께
학번,학뻔
학벌,학뻘
학살,학쌀
학술,학쑬
학식,학씩
학업,하겁
학위,하귀
학점,학쩜
학창,학창
한과,한ː과
한도,한ː도
한몫,한목
한약,하ː냑
한우,하ː누
한정,한ː정
한탄,한ː탄
한탕,한탕
한파,한파
함성,함ː성
함축,함축
합성,합썽
합창,합창
항문,항문
항암,항ː암
해고,해ː고
해군,해ː군
해독,해ː독
해발,해ː발
해상,해ː상
해양,해ː양
해일,해ː일
해저,해ː저
해제,해ː제
해직,해ː직
햅쌀,햅쌀
허구,허구
허기,허기
허망,허망
허무,허무
허위,허위
허탈,허탈
허파,허파
헌법,헌ː뻡
헌신,헌ː신
헌혈,헌ː혈
헐값,헐깝
험담,험ː담
혁명,형명
혁신,혁씬
현안,혀ː난
현직,현ː직
현황,현ː황
혈관,혈관
혈압,혀랍
혈액,혀랙
혈연,혀련
혐오,혀모
혐의,혀믜/혀미
협박,협빡
협상,협쌍
협약,혀뱍
협의,혀븨/혀비
협정,협쩡
형부,형부
형사,형사
호소,호소
호우,호우
호전,호ː전
호칭,호칭
호평,호ː평
호화,호화
호황,호ː황
혹평,혹평
혼례,홀례
혼인,호닌
홍색,홍색
화두,화두
화법,화뻡
화산,화ː산
화상,화ː상
화자,화자
화장,화ː장
화초,화초
화학,화ː학
확률,황뉼
환갑,환ː갑
환호,환호
환희,환히
활력,활력
활자,활짜
황사,황사
황색,황색
황제,황제
황혼,황혼
회갑,회갑/훼갑
회계,회ː계/훼ː게
횡단,횡단/휑단
효녀,효ː녀
효능,효ː능
효력,효ː력
효율,효ː율
후각,후각
후기,후ː기
후대,후ː대
후속,후ː속
후손,후ː손
후임,후ː임
후퇴,후ː퇴/후ː퉤
훼손,훼ː손
휴전,휴전
휴직,휴직
흑색,흑쌕
흑자,흑짜
흡연,흐변
흥행,흥행
가운데,가운데
간호사,간호사
갈비탕,갈비탕
감기약,감ː기약
강아지,강아지
건너편,건ː너편
결혼식,결혼식
경찰서,경ː찰써
고양이,고양이
공무원,공무원
공휴일,공휴일
관광객,관광객
관광지,관광지
교과서,교ː과서/교ː꽈서
교통비,교통비
귀걸이,귀거리
그동안,그동안
그저께,그저께
금요일,그묘일
기숙사,기숙싸
기차역,기차역
기차표,기차표
꽃다발,꼳따발
남동생,남동생
남학생,남학쌩
냉장고,냉ː장고
노래방,노래방
다음날,다음날
달리기,달리기
닭고기,닥꼬기
대학교,대ː학꾜
대학생,대ː학쌩
대학원,대ː하권
도서관,도서관
동대문,동대문
동물원,동ː무뤈
떡볶이,떡뽀끼
마지막,마지막
막걸리,막껄리
매표소,매ː표소
목걸이,목꺼리
목도리,목또리
목요일,모교일
목욕탕,모굑탕
물고기,물꼬기
미술관,미ː술관
미역국,미역꾹
미용실,미ː용실
밀가루,밀까루
바닷가,바다까/바닫까
박물관,방물관
반바지,반ː바지
발가락,발까락
방송국,방ː송국
백화점,배콰점
변호사,변ː호사
병문안,병ː무난
볶음밥,보끔밥
부모님,부모님
불고기,불고기
비빔밥,비빔빱
비행기,비행기
사거리,사ː거리
사계절,사ː계절/사ː게절
사무실,사ː무실
삼거리,삼거리
삼겹살,삼겹쌀
삼계탕,삼계탕/삼게탕
선생님,선생님
선풍기,선풍기
설거지,설거지
설렁탕,설렁탕
세탁기,세ː탁끼
세탁소,세ː탁쏘
소고기,소고기
소화제,소화제
손바닥,손빠닥
손수건,손쑤건
수영복,수영복
수영장,수영장
수요일,수요일
숟가락,숟까락
시간표,시간표
신분증,신분쯩
신호등,신ː호등
십이월,시비월
십일월,시비뤌
쓰레기,쓰레기
아버지,아버지
어머니,어머니
어머님,어머님
어젯밤,어제빰/어젣빰
엉덩이,엉ː덩이
여동생,여동생
여학생,여학쌩
여행사,여행사
여행지,여행지
연락처,열락처
연예인,여ː녜인
영수증,영수증
영화관,영화관
오랜만,오랜만
오른손,오른손
오른쪽,오른쪽
옷걸이,옫꺼리
외국어,외ː구거/웨ː구거
외국인,외ː구긴/웨ː구긴
요리사,요리사
우체국,우체국
운동복,운ː동복
운동장,운ː동장
운동화,운ː동화
운전사,운ː전사
월요일,워료일
유치원,유치원
유학생,유학쌩
윷놀이,윤ː노리
음료수,음ː뇨수
음식점,음ː식쩜
음악가,으막까
이삿짐,이사찜/이삳찜
이야기,이야기
일식집,일씩찝
일요일,이료일
일주일,일쭈일
입장권,입짱꿘
자동차,자동차
자전거,자전거
장난감,장난깜
전화기,전ː화기
젓가락,저까락/젇까락
정거장,정거장
정류장,정뉴장
제주도,제ː주도
종업원,종어붠
주머니,주머니
주차장,주ː차장
중국집,중국찝
중학교,중학꾜
중학생,중학쌩
지난달,지난달
지난번,지난번
지난주,지난주
지난해,지난해
지우개,지우개
지하도,지하도
지하철,지하철
집들이,집뜨리
집안일,지반닐
청바지,청바지
체육관,체육꽌
초대장,초대짱
축구공,축꾸공
출입국,추립꾹
출퇴근,출퇴근/출퉤근
칼국수,칼국쑤
탕수육,탕수육
태권도,태꿘도
토요일,토요일
편의점,펴늬점/펴니점
하숙비,하ː숙삐
하숙집,하ː숙찝
학생증,학쌩쯩
한식집,한ː식찝
할머니,할머니
항공권,항ː공꿘
화요일,화요일
화장실,화장실
화장품,화장품
회사원,회ː사원/훼ː사원
휴게실,휴게실
휴지통,휴지통
가능성,가ː능썽
가로등,가로등
가습기,가습끼
가입자,가입짜
가치관,가치관
감동적,감ː동적
감상문,감ː상문
강수량,강ː수량
강의실,강ː의실/강ː이실
개나리,개ː나리
개인적,개ː인적
거래처,거ː래처
건널목,건ː널목
건전지,건전지
겉모습,건모습
게시판,게ː시판
겨울철,겨울철
경기장,경ː기장
경비실,경ː비실
계산기,계ː산기/게ː산기
계산대,계ː산대/게ː산대
계약금,계ː약끔/게ː약끔
고구마,고ː구마
고등어,고등어
골목길,골ː목낄
공과금,공과금
공연장,공연장
과소비,과ː소비
과학자,과학짜
과학적,과학쩍
관계자,관계자/관게자
관람객,괄람객
관심사,관심사
괴로움,괴로움/궤로움
교육비,교ː육삐
교육자,교ː육짜
교통편,교통편
구세대,구ː세대
국경일,국꼉일
국내선,궁내선
국제선,국쩨선
국제화,국쩨화
그리움,그리움
그림책,그ː림책
근로자,글ː로자
긍정적,긍ː정적
기념일,기녀밀
기념품,기념품
기독교,기독꾜
기지개,기ː지개
길거리,길꺼리
꼭대기,꼭때기
꽃꽂이,꼳꼬지
꽃무늬,꼰무니
나뭇잎,나문닙
내성적,내ː성적
노선도,노ː선도
노약자,노ː약짜
녹음기,노금기
논리적,놀리적
놀이터,노리터
높임말,노핌말
눈동자,눈똥자
눈사람,눈ː싸람
눈싸움,눈ː싸움
늦가을,늗까을
늦겨울,늗껴울
늦여름,는녀름
다리미,다리미
다림질,다림질
담당자,담당자
대기업,대ː기업
대도시,대ː도시 
대청소,대ː청소
대통령,대ː통녕
도시락,도시락
도자기,도자기
독일어,도기러
돌멩이,돌ː멩이
동아리,동아리
동양인,동양인
동영상,동ː녕상
동창회,동창회/동창훼
동호회,동호회/동호훼
동화책,동ː화책
두려움,두려움
두통약,두통냑
뒷골목,뒤ː꼴목/뒫ː꼴목
뒷모습,뒨ː모습
등록금,등녹끔
등록증,등녹쯩
등산복,등산복
땅바닥,땅빠닥
마음속,마음쏙
마음씨,마음씨
말다툼,말ː다툼
말하기,말ː하기
맞은편,마즌편
맞춤법,맏춤뻡
매운맛,매운맏
매운탕,매운탕
머리칼,머리칼
머릿속,머리쏙/머릳쏙
면허증,면ː허쯩
목구멍,목꾸멍
목적지,목쩍찌
몸무게,몸무게
무관심,무관심
무더위,무더위
무지개,무지개
무책임,무채김
문구점,문구점
문방구,문방구
문제점,문ː제쩜
문화재,문화재
문화적,문화적
미용사,미ː용사
미장원,미ː장원
바가지,바가지
바구니,바구니
반대말,반ː대말
반대쪽,반ː대쪽
반창고,반창고
발표회,발표회/발표훼
밥그릇,밥끄륻
방바닥,방빠닥
배우자,배ː우자
번호표,번호표
벽시계,벽씨계/벽씨게
보고서,보ː고서
보름달,보름딸
보리차,보리차
보행자,보ː행자
복사기,복싸기
복숭아,복쑹아
볼거리,볼꺼리
부동산,부동산
부작용,부ː자굥
부정적,부ː정적
부정확,부정확
부주의,부주의/부주이
분실물,분실물
불가능,불가능
불만족,불만족
불친절,불친절
비바람,비바람
비상구,비ː상구
비판적,비ː판적
비행장,비행장
빈자리,빈ː자리
빗방울,비빵울/빋빵울
사교적,사교적
사나이,사나이
사무소,사ː무소
사무직,사ː무직
사생활,사생활
사업가,사ː업까
사업자,사ː업짜
사용법,사ː용뻡
사용자,사ː용자
사진첩,사진첩
사회자,사회자/사훼자
사회적,사회적/사훼적
상담원,상다뭔
상대방,상대방
상대편,상대편
생김새,생김새
생머리,생머리
생방송,생방송
생활비,생활비
서양인,서양인
선진국,선진국
설명서,설명서
성적표,성적표
세탁물,세ː탕물
소극장,소ː극짱
소극적,소극쩍
소금물,소금물
소나기,소나기
소독약,소동냑
소방관,소방관
소방서,소방서
소방차,소방차
소비자,소비자
소설가,소ː설가
소설책,소ː설책
소아과,소ː아꽈
속눈썹,송ː눈썹
속마음,송ː마음
손가방,손까방
손잡이,손자비
송별회,송ː별회/송ː별훼
송아지,송아지
쇠고기,쇠ː고기/쉐ː고기
수도권,수도꿘
수돗물,수돈물
수동적,수동적
수리비,수리비
수면제,수면제
수수료,수수료
수입품,수입품
숙박비,숙빡삐
순간적,순간적
순식간,순식깐
술자리,술짜리
숨소리,숨ː쏘리
승무원,승무원
승용차,승용차
승차권,승차꿘
시금치,시금치
시부모,시부모
시청률,시ː청뉼
시청자,시ː청자
시험지,시험지
식당가,식땅가
식료품,싱뇨품
식사량,식싸량
식용유,시굥뉴
식중독,식쭝독
식품점,식품점
신문사,신문사
신문지,신문지
신상품,신상품
신세대,신세대
신입생,시닙쌩
신제품,신제품
신청서,신청서
신체적,신체적
심리적,심니적
심부름,심ː부름
싸구려,싸구려
아드님,아드님
아래층,아래층/아랟층
아랫집,아래찝/아랟찝
아쉬움,아쉬움
아침밥,아침빱
안내서,안ː내서
안내소,안ː내소
안내원,안ː내원
안내판,안ː내판
안전띠,안전띠
앞머리,암머리
앞바다,압빠다
약혼녀,야콘녀
약혼자,야콘자
양배추,양배추
어려움,어려움
어르신,어ː르신
어린애,어리내
엉터리,엉터리
여드름,여드름
여름철,여름철
여행가,여행가
연구소,연ː구소
연구실,연ː구실
연구자,연ː구자
연기자,연ː기자
연두색,연ː두색
연주회,연ː주회/연ː주훼
연체료,연체료
영양제,영양제
예술가,예ː술가
예식장,예식짱
오락실,오ː락씰
오른발,오른발
오른편,오른편
오징어,오징어
옥수수,옥쑤수
옷차림,옫차림
외갓집,외ː가찝/웨ː갇찝
외교관,외ː교관/웨ː교관
외로움,외로움/웨로움
외삼촌,외ː삼촌/웨ː삼촌
외숙모,외ː숭모/웨ː숭모
외아들,외아들/웨아들
외출복,외ː출복/웨ː출복
요리법,요리뻡
우체통,우체통
우편물,우편물
우편함,우편함
우회전,우ː회전/우ː훼전
운동량,운ː동냥
웃어른,우더른
윗사람,위싸람/윋싸람
유람선,유람선
유리창,유리창
유적지,유적찌
육체적,육체적
음식물,음ː싱물
음악회,으마쾨/으마퀘
응급실,응ː급씰
이국적,이ː국쩍
이기적,이ː기적
이력서,이ː력써
이름표,이름표
이용자,이ː용자
이웃집,이욷찝
인간성,인간썽
인간적,인간적
인삼차,인삼차
일교차,일교차
일본어,일보너
일시불,일씨불
일자리,일ː짜리
일정표,일쩡표
일회용,일회용/일훼용
입장료,입짱뇨
입학식,이팍씩
자가용,자가용
자격증,자격쯩
자부심,자부심
자신감,자신감
자존심,자존심
자주색,자ː주색
작곡가,작꼭까
작은집,자근집
잔디밭,잔디받
잔소리,잔소리
장단점,장단쩜
장례식,장ː녜식
장마철,장마철
장학금,장ː학끔
재학생,재ː학쌩
재활용,재ː화룡
적극적,적끅쩍
전국적,전국쩍
전문가,전문가
전문점,전문점
전문직,전문직
전시장,전ː시장
전시회,전ː시회/전ː시훼
전통적,전통적
젊은이,절므니
정수기,정수기
정육점,정육쩜
정치인,정치인
제과점,제ː과점
조미료,조미료
졸업생,조럽쌩
졸업식,조럽씩
종아리,종ː아리
좌회전,좌ː회전/좌ː훼전
주유소,주ː유소
주인공,주인공
주전자,주전자
주차권,주ː차꿘
주차료,주ː차료
준비물,준ː비물
줄거리,줄거리
줄넘기,줄럼끼
줄무늬,줄무니
중고차,중고차
중국어,중구거
중심지,중심지
중형차,중형차
즐거움,즐거움
증명서,증명서
지름길,지름낄
지하실,지하실
직장인,직짱인
진단서,진ː단서
진통제,진ː통제
진행자,진ː행자
차림표,차림표
참기름,참기름
참석자,참석짜
책가방,책까방
책임감,채김감
책임자,채김자
처방전,처ː방전
천주교,천주교
첫인상,처딘상
청소기,청소기
초가을,초가을
초겨울,초겨울
초보자,초보자
초승달,초승딸
초여름,초여름
초저녁,초저녁
초청장,초청짱
최고급,최ː고급/췌ː고급
추천서,추천서
축구장,축꾸장
출근길,출근낄
충격적,충격쩍
치료법,치료뻡
친아들,치나들
친언니,치넌니
친오빠,치노빠
콧노래,콘노래
콩나물,콩나물
큰아들,크나들
탑승객,탑씅객
파출소,파출쏘
팔꿈치,팔꿈치
포도주,포도주
포장지,포장지
표준어,표주너
표지판,표지판
피해자,피ː해자
학부모,학뿌모
학용품,하굥품
한겨울,한겨울
한국말,한ː궁말
한국어,한ː구거
한국인,한ː구긴
한국적,한ː국쩍
한여름,한녀름
할인점,하린점
합격자,합껵짜
항공료,항ː공뇨
해돋이,해도지
해산물,해ː산물
허리띠,허리띠
허벅지,허벅찌
현실적,현ː실쩍
호기심,호ː기심
화장대,화장대
환승역,환ː승녁
환영회,화녕회/화녕훼
활동적,활똥적
회의실,회ː의실/훼ː이실
휴가철,휴가철
휴양지,휴양지
가로수,가로수
가르침,가르침
가속화,가소콰
가식적,가ː식쩍
가야금,가야금
가요계,가요계/가요게
가창력,가창녁
가해자,가해자
간담회,간ː담회/간ː담훼
감상적,감ː상적
감성적,감ː성적
감수성,감ː수썽
감정적,감ː정적
감탄사,감ː탄사
값어치,가버치
강대국,강대국
강우량,강ː우량
개막식,개막씩
개방적,개방적
개별적,개ː별쩍
개신교,개ː신교
거리낌,거리낌
거문고,거문고
거부감,거ː부감
거주자,거주자
건망증,건ː망쯩
건설업,건ː서럽
건축가,건ː축까
건축물,건ː충물
겉보기,걷뽀기
결단력,결딴녁
결승선,결씅선
결승전,결씅전
경각심,경ː각씸
경고문,경ː고문
경공업,경공업
경영진,경영진
경영학,경영학
경쟁률,경ː쟁뉼
경제권,경제꿘
경제성,경제썽
경제학,경제학
경조사,경ː조사
경찰청,경ː찰청
경험담,경험담
고가품,고까품
고교생,고교생
고구려,고구려
고기압,고기압
고령화,고령화
고무신,고무신
고소득,고소득
고아원,고아원
고지서,고ː지서
고학력,고항녁
고혈압,고혀랍
골동품,골똥품
골짜기,골짜기
곰팡이,곰ː팡이
공간적,공간적
공감대,공ː감대
공개적,공개적
공교육,공교육
공권력,공꿘녁
공사장,공사장
공산품,공산품
공식적,공식쩍
공용어,공용어
공정성,공정썽
공포감,공ː포감
과반수,과ː반수
관공서,관공서
관련자,괄련자
관용어,과뇽어
관용적,과뇽적
관형사,관형사
교도소,교ː도소
교무실,교ː무실
교육부,교ː육뿌
교육열,교ː융녈
교육적,교ː육쩍
구경꾼,구ː경꾼
구급차,구ː급차
구두쇠,구두쇠/구두쉐
구매자,구매자
구성원,구성원
구인난,구인난
구직난,구징난
구직자,구직짜
국가적,국까적
국내외,궁내외/궁내웨
국민적,궁민적
국방부,국빵부
국세청,국쎄청
국제적,국쩨적
굶주림,굼ː주림
궁금증,궁금쯩
권위적,궈뉘적
귀납적,귀ː납쩍
귓속말,귀쏭말/귇쏭말
극단적,극딴적
극대화,극때화
극소수,극쏘수
근시안,근ː시안
글쓴이,글쓰니
금융업,금늉업/그뮹업
급상승,급쌍승
급속도,급쏙도
기관지,기관지
기념회,기념회/기념훼
기능적,기능적
기대감,기대감
기름기,기름끼
기부금,기부금
기상청,기상청
기술적,기술쩍
기업체,기업체
기와집,기와집
기원전,기원전
기원후,기원후
기저귀,기저귀
기행문,기행문
기호품,기호품
긴장감,긴장감
깨소금,깨소금
껍데기,껍떼기
나그네,나그네
나들이,나드리
나침반,나침반
낙관적,낙꽌적
낙천적,낙천적
낚시터,낙씨터
난치병,난치뼝
낭만적,낭ː만적
널뛰기,널ː뛰기
노골적,노골쩍
노동력,노동녁
노른자,노른자
노숙자,노숙짜
노여움,노ː여움
노처녀,노ː처녀
노총각,노ː총각
노폐물,노ː폐물/노ː페물
논설문,논설문
농어촌,농어촌
높임법,노핌뻡
뇌졸중,뇌졸쭝
눈꺼풀,눈꺼풀
눈사태,눈ː사태
능동적,능동적
다국적,다국쩍
다양성,다양썽
다양화,다양화
단말기,단말기
단백질,단ː백찔
당뇨병,당뇨뼝
당사자,당사자
대가족,대ː가족
대리점,대ː리점
대머리,대ː머리
대명사,대ː명사
대보름,대ː보름
대조적,대ː조적
대중성,대ː중썽
대중적,대ː중적
대중화,대ː중화
대학가,대ː학까
도깨비,도깨비
도덕성,도ː덕썽
도덕적,도ː덕쩍
도시화,도시화
도우미,도우미
독선적,독썬적
독재자,독째자
독창성,독창썽
독창적,독창적
동남아,동나마
동질성,동질썽
동호인,동호인
된소리,된ː소리/뒌ː소리
뒤풀이,뒤ː푸리
등용문,등용문
따돌림,따돌림
마누라,마누라
만족도,만족또
말솜씨,말ː쏨씨
맞장구,맏짱구
매력적,매력쩍
머리맡,머리맏
먹구름,먹꾸름
면도기,면ː도기
면세점,면ː세점
명승지,명승지
모국어,모ː구거
모닥불,모닥뿔
모범생,모범생
목격자,목껵짜
목적어,목쩌거
무공해,무공해
무기력,무기력
무응답,무응답
무인도,무인도
문학적,문학쩍
물리적,물리적
미생물,미생물
미술가,미ː술가
미혼모,미ː혼모
민주적,민주적
민주화,민주화
바깥일,바깐닐
박람회,방남회/방남훼
반도체,반ː도체
반세기,반ː세기
반신욕,반ː신뇩
반환점,반환쩜
발돋움,발도둠
발명가,발명가
발명품,발명품
발신자,발씬자
발전소,발쩐소
발표자,발표자
밥벌이,밥뻐리
방사능,방ː사능
방송인,방ː송인
방청객,방청객
배타적,배타적
백혈병,배켤뼝
범죄자,범ː죄자/범ː줴자
법률가,범뉼가
법무부,범무부
변두리,변두리
보건소,보ː건소
보상금,보ː상금
보수적,보ː수적
보육원,보ː유권
보조금,보ː조금
보증금,보증금
보편적,보ː편적
보편화,보ː편화
보험료,보ː험뇨
보호자,보ː호자
본질적,본질쩍
봉사자,봉ː사자
봉우리,봉우리
부담감,부ː담감
부도덕,부도덕
부유층,부ː유층
불경기,불경기
불량품,불량품
불면증,불면쯩
불성실,불썽실
불안감,부란감
불안정,부란정
불치병,불치뼝
불효자,불효자
붉은색,불근색
비관적,비ː관적
비상금,비ː상금
비속어,비ː소거
비약적,비약쩍
비웃음,비ː우슴
비유적,비ː유적
빗줄기,비쭐기/빋쭐기
뺑소니,뺑소니
사고력,사고력
사교육,사교육
사무적,사ː무적 
사법부,사법뿌
사상가,사ː상가
사업주,사ː업쭈
사업체,사ː업체
사은품,사ː은품
산사태,산사태
산성비,산성비
산업화,사ː너퐈
삼림욕,삼님뇩
상갓집,상가찝/상갇찝
상거래,상거래
상견례,상견녜
상류층,상ː뉴층
상반신,상ː반신
상승세,상ː승세 
상업적,상업쩍
상여금,상여금
상위권,상ː위꿘
상차림,상차림
상품권,상품꿘
생동감,생동감
생명력,생명녁
생명체,생명체
생산량,생산냥
생산성,생산썽
생산자,생산자
생산적,생산적
생산지,생산지
생태계,생태계/생태게
생필품,생필품
생활고,생활고
생활권,생활꿘
생활화,생활화
서민적,서ː민적
서술어,서ː수러
서양식,서양식
선교사,선교사
선동적,선동적
선입견,서닙껸
선정적,선정적
선착순,선착쑨
선호도,선ː호도
선후배,선후배
설득력,설뜽녁
설명문,설명문
섬유질,서뮤질
성수기,성ː수기
성실성,성실썽
성인병,성인뼝
성장기,성장기
성적순,성적쑨
성직자,성ː직짜
성차별,성ː차별
성취도,성취도
세계관,세ː계관/세ː게관
소개서,소개서
소비량,소비량
소외감,소외감/소웨감
소유자,소ː유자
소화기,소화기
수사관,수사관
수산물,수산물
수산업,수사넙
수신자,수신자
수익금,수익끔
수재민,수재민
수줍음,수주븜
수증기,수증기
수평선,수평선
수험생,수험생
수화기,수화기
순수성,순수썽
승강기,승강기
시냇물,시ː낸물
시대적,시대적
시사회,시ː사회/시ː사훼
시상식,시ː상식
시청각,시ː청각
식량난,싱냥난
식민지,싱민지
식생활,식쌩활
식습관,식씁꽌
식은땀,시근땀
신경질,신경질
신경통,신경통
신기록,신기록
신도시,신도시
신바람,신빠람
신축성,신축썽
실시간,실씨간
실업계,시럽꼐/시럽께
실업률,시럼뉼
실업자,시럽짜
실용성,시룡썽
실용화,시룡화
실질적,실찔쩍
실천적,실천적
십자가,십짜가
쌍꺼풀,쌍꺼풀
씀씀이,씀쓰미
아열대,아ː열때
악순환,악쑨환
악영향,아경향
안락사,알락싸
안정감,안정감
안정적,안정적
암기력,암ː기력
암흑기,암ː흑끼
압박감,압빡깜
애완견,애ː완견
애창곡,애ː창곡
야유회,야ː유회/야ː유훼
양로원,양ː노원
어금니,어금니
언론사,얼론사
언론인,얼로닌
여성적,여성적
연령층,열령층
연장자,연장자
연주자,연ː주자
연평균,연평균
열대야,열때야
열등감,열뜽감
열람실,열람실
열성적,열썽적
영세민,영세민
영양가,영양까
영양사,영양사
영양소,영양소
영화제,영화제
옆구리,엽꾸리
예술성,예ː술썽
예술품,예ː술품
예체능,예ː체능
오누이,오누이
오름세,오름세
온난화,온난화
옷자락,옫짜락
외동딸,외동딸/웨동딸
외래어,외ː래어/웨ː래어
외식비,외ː식삐/웨ː식삐
외향적,외ː향적/웨ː향적
외형적,외ː형적/웨ː형적
요양원,요양원
용의자,용의자/용이자
우발적,우ː발쩍
우울증,우울쯩
우호적,우ː호적
운수업,운ː수업
울타리,울타리
원산지,원산지
원심력,원ː심녁
원어민,워너민
원자력,원자력
원주민,원주민
위생적,위생적
위화감,위화감
유권자,유ː꿘자
유기농,유ː기농
유대감,유대감
유동적,유동적
유연성,유연썽
유전병,유전뼝
유전자,유전자
유창성,유창썽
유행가,유행가
유흥비,유흥비
윤리적,율리적
응답자,응ː답짜
의생활,의생활
의성어,의성어
의식주,의식쭈 
의약품,의약품
의태어,의태어
의학적,의학쩍
이기심,이ː기심
이론적,이ː론적
이상형,이ː상형
이색적,이ː색쩍
이성적,이ː성적
이주민,이주민
이직률,이징뉼
인간미,인간미
인건비,인껀비
인내심,인내심
인도적,인도적
인문계,인문계/인문게
인문학,인문학
인생관,인생관
인지도,인지도
일간지,일간지
일관성,일관썽
일광욕,일광뇩
일대일,일때일
임대료,임ː대료
임산부,임ː산부
임신부,임ː신부
자극적,자ː극쩍
자연계,자연계/자연게
자영업,자영업
자외선,자ː외선/자ː웨선
작성자,작썽자
잠재력,잠재력
장거리,장거리
장래성,장내썽
장신구,장신구
장학생,장ː학쌩
재개발,재ː개발
재정적,재정적
재충전,재ː충전
저고리,저고리
저기압,저ː기압
저소득,저ː소득
저작권,저ː작꿘
저출산,저ː출싼
저학력,저ː항녁
저혈압,저ː혀랍
적령기,정녕기
적응력,저긍녁
전략적,절ː략쩍
전망대,전ː망대
전문성,전문썽
전반부,전반부
전셋값,전세깝/전섿깝
전시관,전ː시관
전염병,저념뼝
전쟁터,전ː쟁터
전환기,전ː환기
점유율,저뮤율
정규직,정ː규직
정상화,정ː상화
정신과,정신꽈
정열적,정녈쩍
정책적,정책쩍
정체기,정체기
정체성,정ː체썽
정치가,정치가
정확성,정ː확썽
제도적,제ː도적
제작자,제ː작짜
제조업,제ː조업
조리법,조리뻡
조리사,조리사
조문객,조ː문객
조부모,조부모
조선업,조ː서넙
조의금,조ː의금/조ː이금
조종사,조종사
조직적,조직쩍
조형미,조ː형미
존댓말,존댄말
종사자,종사자
좌담회,좌ː담회/좌ː담훼
죄책감,죄ː책깜/줴ː책깜
주거비,주ː거비
주거지,주ː거지
주름살,주름쌀
주방장,주방장
주생활,주ː생활
주재료,주재료
주택가,주ː택까
중개인,중개인
중공업,중ː공업
중산층,중산층
중요시,중ː요시
중점적,중ː쩜적
증가세,증가세
증후군,증후군
지구력,지구력
지구촌,지구촌
지리적,지리적
지원금,지원금
지원서,지원서
지원자,지원자
지지율,지지율
직거래,직꺼래 
진보적,진ː보적
진취적,진ː취적
집단적,집딴적
집사람,집싸람
집중력,집쭝녁
짜임새,짜임새
짝사랑,짝싸랑
찜질방,찜질방
차별화,차별화
찬송가,찬ː송가
참가자,참가자
참을성,차믈썽
창의력,창ː의력/창ː이력
창의성,창ː의썽/창ː이썽
창의적,창ː의적/창ː이적
창작품,창ː작품
창조적,창ː조적
천부적,천부적
철학적,철학쩍
첫인사,처딘사
청취자,청취자
초가집,초가집
초고속,초고속
초월적,초월쩍
초인종,초인종
초창기,초창기
최고령,최ː고령/췌ː고령
최신형,최ː신형/췌ː신형
최연소,최ː연소/췌ː연소
최우수,최ː우수/췌ː우수
최첨단,최ː첨단/췌ː첨단
축산물,축싼물
축산업,축싸넙
출산율,출싼뉼
출입구,추립꾸
출판사,출판사
취업률,취ː엄뉼
친근감,친근감
친밀감,친밀감
친화력,친화력
친환경,친환경
타당성,타ː당썽
탈의실,타릐실/타리실
태양열,태양녈
통신비,통신비
통조림,통조림
퇴직금,퇴ː직끔/퉤ː직끔
투자자,투자자
특산물,특싼물
파격적,파ː격쩍
판매량,판매량
판매원,판매원
판소리,판쏘리
편두통,편두통
편파적,편파적
평화적,평화적
폐기물,폐ː기물/페ː기물
폐막식,폐ː막씩/페ː막씩
폐활량,폐ː활량/페ː활량
폭력적,퐁녁쩍
표기법,표기뻡
푸대접,푸대접
푸른색,푸른색
피고인,피ː고인
피로연,피로연
피부과,피부꽈
하락세,하ː락쎄
하반기,하ː반기
하반신,하ː반신
하소연,하소연
학문적,항문적
한반도,한ː반도
한의원,하ː늬원/하ː니원
한자어,한ː짜어
함박눈,함방눈
합법적,합뻡쩍
항생제,항ː생제
항아리,항아리
해수욕,해ː수욕
해열제,해ː열쩨
해학적,해학쩍
핵가족,핵까족
햇곡식,핻꼭씩
행정부,행정부
헌신적,헌ː신적
혁신적,혁씬적
현기증,현ː기쯩
혈액형,혀래켱
형용사,형용사
호흡기,호흡끼
혼잣말,혼잔말
환절기,환ː절기
활성화,활썽화
황금기,황금기
회갑연,회가변/훼가변
회복세,회복쎄/훼복쎄
회원국,회ː원국/훼ː원국
회의적,회의적/훼이적
후반부,후ː반부
후보자,후보자
후유증,후ː유쯩
